filename,resolved_path,true_age_group,predicted_18class,predicted_age_group,correct,near_correct
001A02.JPG,H:\MS\sem3\age-estimation-git\data\cleaned_faces\fgnet\FGNET\images\001A02.JPG,0,7,3,False,False
001A05.JPG,H:\MS\sem3\age-estimation-git\data\cleaned_faces\fgnet\FGNET\images\001A05.JPG,1,9,4,False,False
001A08.JPG,H:\MS\sem3\age-estimation-git\data\cleaned_faces\fgnet\FGNET\images\001A08.JPG,2,4,2,True,True
001A10.JPG,H:\MS\sem3\age-estimation-git\data\cleaned_faces\fgnet\FGNET\images\001A10.JPG,2,2,1,False,True
001A14.JPG,H:\MS\sem3\age-estimation-git\data\cleaned_faces\fgnet\FGNET\images\001A14.JPG,3,16,8,False,False
001A16.JPG,H:\MS\sem3\age-estimation-git\data\cleaned_faces\fgnet\FGNET\images\001A16.JPG,3,16,8,False,False
001A18.JPG,H:\MS\sem3\age-estimation-git\data\cleaned_faces\fgnet\FGNET\images\001A18.JPG,3,7,3,True,True
001A19.JPG,H:\MS\sem3\age-estimation-git\data\cleaned_faces\fgnet\FGNET\images\001A19.JPG,4,16,8,False,False
001A22.JPG,H:\MS\sem3\age-estimation-git\data\cleaned_faces\fgnet\FGNET\images\001A22.JPG,4,4,2,False,False
001A28.JPG,H:\MS\sem3\age-estimation-git\data\cleaned_faces\fgnet\FGNET\images\001A28.JPG,5,4,2,False,False
001A29.JPG,H:\MS\sem3\age-estimation-git\data\cleaned_faces\fgnet\FGNET\images\001A29.JPG,5,6,3,False,False
001A33.JPG,H:\MS\sem3\age-estimation-git\data\cleaned_faces\fgnet\FGNET\images\001A33.JPG,5,6,3,False,False
001A40.JPG,H:\MS\sem3\age-estimation-git\data\cleaned_faces\fgnet\FGNET\images\001A40.JPG,6,6,3,False,False
001A43a.JPG,H:\MS\sem3\age-estimation-git\data\cleaned_faces\fgnet\FGNET\images\001A43a.JPG,6,4,2,False,False
001A43b.JPG,H:\MS\sem3\age-estimation-git\data\cleaned_faces\fgnet\FGNET\images\001A43b.JPG,6,6,3,False,False
002A03.JPG,H:\MS\sem3\age-estimation-git\data\cleaned_faces\fgnet\FGNET\images\002A03.JPG,1,5,2,False,True
002A04.JPG,H:\MS\sem3\age-estimation-git\data\cleaned_faces\fgnet\FGNET\images\002A04.JPG,1,14,7,False,False
002A05.JPG,H:\MS\sem3\age-estimation-git\data\cleaned_faces\fgnet\FGNET\images\002A05.JPG,1,16,8,False,False
002A07.JPG,H:\MS\sem3\age-estimation-git\data\cleaned_faces\fgnet\FGNET\images\002A07.JPG,2,3,1,False,True
002A12.JPG,H:\MS\sem3\age-estimation-git\data\cleaned_faces\fgnet\FGNET\images\002A12.JPG,2,16,8,False,False
002A15.JPG,H:\MS\sem3\age-estimation-git\data\cleaned_faces\fgnet\FGNET\images\002A15.JPG,3,2,1,False,False
002A16.JPG,H:\MS\sem3\age-estimation-git\data\cleaned_faces\fgnet\FGNET\images\002A16.JPG,3,15,7,False,False
002A18.JPG,H:\MS\sem3\age-estimation-git\data\cleaned_faces\fgnet\FGNET\images\002A18.JPG,3,14,7,False,False
002A20.JPG,H:\MS\sem3\age-estimation-git\data\cleaned_faces\fgnet\FGNET\images\002A20.JPG,4,17,8,False,False
002A21.JPG,H:\MS\sem3\age-estimation-git\data\cleaned_faces\fgnet\FGNET\images\002A21.JPG,4,15,7,False,False
002A23.JPG,H:\MS\sem3\age-estimation-git\data\cleaned_faces\fgnet\FGNET\images\002A23.JPG,4,16,8,False,False
002A26.JPG,H:\MS\sem3\age-estimation-git\data\cleaned_faces\fgnet\FGNET\images\002A26.JPG,5,4,2,False,False
002A29.JPG,H:\MS\sem3\age-estimation-git\data\cleaned_faces\fgnet\FGNET\images\002A29.JPG,5,4,2,False,False
002A31.JPG,H:\MS\sem3\age-estimation-git\data\cleaned_faces\fgnet\FGNET\images\002A31.JPG,5,2,1,False,False
002A36.JPG,H:\MS\sem3\age-estimation-git\data\cleaned_faces\fgnet\FGNET\images\002A36.JPG,6,4,2,False,False
002A38.JPG,H:\MS\sem3\age-estimation-git\data\cleaned_faces\fgnet\FGNET\images\002A38.JPG,6,4,2,False,False
003A18.JPG,H:\MS\sem3\age-estimation-git\data\cleaned_faces\fgnet\FGNET\images\003A18.JPG,3,4,2,False,True
003A20.JPG,H:\MS\sem3\age-estimation-git\data\cleaned_faces\fgnet\FGNET\images\003A20.JPG,4,2,1,False,False
003A23.JPG,H:\MS\sem3\age-estimation-git\data\cleaned_faces\fgnet\FGNET\images\003A23.JPG,4,16,8,False,False
003A25.JPG,H:\MS\sem3\age-estimation-git\data\cleaned_faces\fgnet\FGNET\images\003A25.JPG,5,14,7,False,False
003A35.JPG,H:\MS\sem3\age-estimation-git\data\cleaned_faces\fgnet\FGNET\images\003A35.JPG,6,9,4,False,False
003A38.JPG,H:\MS\sem3\age-estimation-git\data\cleaned_faces\fgnet\FGNET\images\003A38.JPG,6,9,4,False,False
003A47.JPG,H:\MS\sem3\age-estimation-git\data\cleaned_faces\fgnet\FGNET\images\003A47.JPG,6,9,4,False,False
003A49.JPG,H:\MS\sem3\age-estimation-git\data\cleaned_faces\fgnet\FGNET\images\003A49.JPG,7,2,1,False,False
003A51.JPG,H:\MS\sem3\age-estimation-git\data\cleaned_faces\fgnet\FGNET\images\003A51.JPG,7,8,4,False,False
003A58.JPG,H:\MS\sem3\age-estimation-git\data\cleaned_faces\fgnet\FGNET\images\003A58.JPG,7,8,4,False,False
003A60.JPG,H:\MS\sem3\age-estimation-git\data\cleaned_faces\fgnet\FGNET\images\003A60.JPG,7,8,4,False,False
003A61.JPG,H:\MS\sem3\age-estimation-git\data\cleaned_faces\fgnet\FGNET\images\003A61.JPG,7,8,4,False,False
004A19.JPG,H:\MS\sem3\age-estimation-git\data\cleaned_faces\fgnet\FGNET\images\004A19.JPG,4,4,2,False,False
004A21.JPG,H:\MS\sem3\age-estimation-git\data\cleaned_faces\fgnet\FGNET\images\004A21.JPG,4,4,2,False,False
004A26.JPG,H:\MS\sem3\age-estimation-git\data\cleaned_faces\fgnet\FGNET\images\004A26.JPG,5,4,2,False,False
004A28.JPG,H:\MS\sem3\age-estimation-git\data\cleaned_faces\fgnet\FGNET\images\004A28.JPG,5,16,8,False,False
004A30.JPG,H:\MS\sem3\age-estimation-git\data\cleaned_faces\fgnet\FGNET\images\004A30.JPG,5,2,1,False,False
004A37.JPG,H:\MS\sem3\age-estimation-git\data\cleaned_faces\fgnet\FGNET\images\004A37.JPG,6,9,4,False,False
004A40.JPG,H:\MS\sem3\age-estimation-git\data\cleaned_faces\fgnet\FGNET\images\004A40.JPG,6,16,8,False,False
004A48.JPG,H:\MS\sem3\age-estimation-git\data\cleaned_faces\fgnet\FGNET\images\004A48.JPG,6,16,8,False,False
004A51.JPG,H:\MS\sem3\age-estimation-git\data\cleaned_faces\fgnet\FGNET\images\004A51.JPG,7,8,4,False,False
004A53.JPG,H:\MS\sem3\age-estimation-git\data\cleaned_faces\fgnet\FGNET\images\004A53.JPG,7,8,4,False,False
004A62.JPG,H:\MS\sem3\age-estimation-git\data\cleaned_faces\fgnet\FGNET\images\004A62.JPG,7,8,4,False,False
004A63.JPG,H:\MS\sem3\age-estimation-git\data\cleaned_faces\fgnet\FGNET\images\004A63.JPG,7,8,4,False,False
005A18.JPG,H:\MS\sem3\age-estimation-git\data\cleaned_faces\fgnet\FGNET\images\005A18.JPG,3,16,8,False,False
005A24.JPG,H:\MS\sem3\age-estimation-git\data\cleaned_faces\fgnet\FGNET\images\005A24.JPG,4,9,4,True,True
005A30.JPG,H:\MS\sem3\age-estimation-git\data\cleaned_faces\fgnet\FGNET\images\005A30.JPG,5,14,7,False,False
005A31.JPG,H:\MS\sem3\age-estimation-git\data\cleaned_faces\fgnet\FGNET\images\005A31.JPG,5,14,7,False,False
005A35.JPG,H:\MS\sem3\age-estimation-git\data\cleaned_faces\fgnet\FGNET\images\005A35.JPG,6,14,7,False,True
005A40.JPG,H:\MS\sem3\age-estimation-git\data\cleaned_faces\fgnet\FGNET\images\005A40.JPG,6,4,2,False,False
005A45.JPG,H:\MS\sem3\age-estimation-git\data\cleaned_faces\fgnet\FGNET\images\005A45.JPG,6,5,2,False,False
005A48.JPG,H:\MS\sem3\age-estimation-git\data\cleaned_faces\fgnet\FGNET\images\005A48.JPG,6,4,2,False,False
005A49.JPG,H:\MS\sem3\age-estimation-git\data\cleaned_faces\fgnet\FGNET\images\005A49.JPG,7,8,4,False,False
005A52.JPG,H:\MS\sem3\age-estimation-git\data\cleaned_faces\fgnet\FGNET\images\005A52.JPG,7,3,1,False,False
005A61.JPG,H:\MS\sem3\age-estimation-git\data\cleaned_faces\fgnet\FGNET\images\005A61.JPG,7,9,4,False,False
006A24.JPG,H:\MS\sem3\age-estimation-git\data\cleaned_faces\fgnet\FGNET\images\006A24.JPG,4,16,8,False,False
006A28.JPG,H:\MS\sem3\age-estimation-git\data\cleaned_faces\fgnet\FGNET\images\006A28.JPG,5,2,1,False,False
006A31.JPG,H:\MS\sem3\age-estimation-git\data\cleaned_faces\fgnet\FGNET\images\006A31.JPG,5,4,2,False,False
006A36.JPG,H:\MS\sem3\age-estimation-git\data\cleaned_faces\fgnet\FGNET\images\006A36.JPG,6,2,1,False,False
006A40.JPG,H:\MS\sem3\age-estimation-git\data\cleaned_faces\fgnet\FGNET\images\006A40.JPG,6,4,2,False,False
006A42.JPG,H:\MS\sem3\age-estimation-git\data\cleaned_faces\fgnet\FGNET\images\006A42.JPG,6,4,2,False,False
006A46.JPG,H:\MS\sem3\age-estimation-git\data\cleaned_faces\fgnet\FGNET\images\006A46.JPG,6,2,1,False,False
006A51.JPG,H:\MS\sem3\age-estimation-git\data\cleaned_faces\fgnet\FGNET\images\006A51.JPG,7,16,8,False,True
006A55.JPG,H:\MS\sem3\age-estimation-git\data\cleaned_faces\fgnet\FGNET\images\006A55.JPG,7,6,3,False,False
006A61.JPG,H:\MS\sem3\age-estimation-git\data\cleaned_faces\fgnet\FGNET\images\006A61.JPG,7,2,1,False,False
006A67.JPG,H:\MS\sem3\age-estimation-git\data\cleaned_faces\fgnet\FGNET\images\006A67.JPG,8,4,2,False,False
006A69.JPG,H:\MS\sem3\age-estimation-git\data\cleaned_faces\fgnet\FGNET\images\006A69.JPG,8,6,3,False,False
007A01.JPG,H:\MS\sem3\age-estimation-git\data\cleaned_faces\fgnet\FGNET\images\007A01.JPG,0,9,4,False,False
007A18.JPG,H:\MS\sem3\age-estimation-git\data\cleaned_faces\fgnet\FGNET\images\007A18.JPG,3,16,8,False,False
007A22.JPG,H:\MS\sem3\age-estimation-git\data\cleaned_faces\fgnet\FGNET\images\007A22.JPG,4,4,2,False,False
007A23.JPG,H:\MS\sem3\age-estimation-git\data\cleaned_faces\fgnet\FGNET\images\007A23.JPG,4,14,7,False,False
007A26.JPG,H:\MS\sem3\age-estimation-git\data\cleaned_faces\fgnet\FGNET\images\007A26.JPG,5,2,1,False,False
007A37.JPG,H:\MS\sem3\age-estimation-git\data\cleaned_faces\fgnet\FGNET\images\007A37.JPG,6,16,8,False,False
007A38.JPG,H:\MS\sem3\age-estimation-git\data\cleaned_faces\fgnet\FGNET\images\007A38.JPG,6,14,7,False,True
007A39.JPG,H:\MS\sem3\age-estimation-git\data\cleaned_faces\fgnet\FGNET\images\007A39.JPG,6,4,2,False,False
007A45.JPG,H:\MS\sem3\age-estimation-git\data\cleaned_faces\fgnet\FGNET\images\007A45.JPG,6,4,2,False,False
008A03.JPG,H:\MS\sem3\age-estimation-git\data\cleaned_faces\fgnet\FGNET\images\008A03.JPG,1,9,4,False,False
008A06.JPG,H:\MS\sem3\age-estimation-git\data\cleaned_faces\fgnet\FGNET\images\008A06.JPG,2,9,4,False,False
008A08.JPG,H:\MS\sem3\age-estimation-git\data\cleaned_faces\fgnet\FGNET\images\008A08.JPG,2,4,2,True,True
008A12.JPG,H:\MS\sem3\age-estimation-git\data\cleaned_faces\fgnet\FGNET\images\008A12.JPG,2,17,8,False,False
008A13.JPG,H:\MS\sem3\age-estimation-git\data\cleaned_faces\fgnet\FGNET\images\008A13.JPG,2,5,2,True,True
008A16.JPG,H:\MS\sem3\age-estimation-git\data\cleaned_faces\fgnet\FGNET\images\008A16.JPG,3,7,3,True,True
008A17.JPG,H:\MS\sem3\age-estimation-git\data\cleaned_faces\fgnet\FGNET\images\008A17.JPG,3,5,2,False,True
008A18.JPG,H:\MS\sem3\age-estimation-git\data\cleaned_faces\fgnet\FGNET\images\008A18.JPG,3,15,7,False,False
008A21.JPG,H:\MS\sem3\age-estimation-git\data\cleaned_faces\fgnet\FGNET\images\008A21.JPG,4,7,3,False,True
008A29.JPG,H:\MS\sem3\age-estimation-git\data\cleaned_faces\fgnet\FGNET\images\008A29.JPG,5,17,8,False,False
008A30.JPG,H:\MS\sem3\age-estimation-git\data\cleaned_faces\fgnet\FGNET\images\008A30.JPG,5,6,3,False,False
008A31.JPG,H:\MS\sem3\age-estimation-git\data\cleaned_faces\fgnet\FGNET\images\008A31.JPG,5,14,7,False,False
008A33.JPG,H:\MS\sem3\age-estimation-git\data\cleaned_faces\fgnet\FGNET\images\008A33.JPG,5,15,7,False,False
008A35.JPG,H:\MS\sem3\age-estimation-git\data\cleaned_faces\fgnet\FGNET\images\008A35.JPG,6,17,8,False,False
008A41.JPG,H:\MS\sem3\age-estimation-git\data\cleaned_faces\fgnet\FGNET\images\008A41.JPG,6,4,2,False,False
009A00.JPG,H:\MS\sem3\age-estimation-git\data\cleaned_faces\fgnet\FGNET\images\009A00.JPG,0,15,7,False,False
009A01.JPG,H:\MS\sem3\age-estimation-git\data\cleaned_faces\fgnet\FGNET\images\009A01.JPG,0,14,7,False,False
009A03.JPG,H:\MS\sem3\age-estimation-git\data\cleaned_faces\fgnet\FGNET\images\009A03.JPG,1,15,7,False,False
009A05.JPG,H:\MS\sem3\age-estimation-git\data\cleaned_faces\fgnet\FGNET\images\009A05.JPG,1,14,7,False,False
009A09.JPG,H:\MS\sem3\age-estimation-git\data\cleaned_faces\fgnet\FGNET\images\009A09.JPG,2,16,8,False,False
009A11.JPG,H:\MS\sem3\age-estimation-git\data\cleaned_faces\fgnet\FGNET\images\009A11.JPG,2,16,8,False,False
009A13.JPG,H:\MS\sem3\age-estimation-git\data\cleaned_faces\fgnet\FGNET\images\009A13.JPG,2,17,8,False,False
009A14.JPG,H:\MS\sem3\age-estimation-git\data\cleaned_faces\fgnet\FGNET\images\009A14.JPG,3,14,7,False,False
009A16a.JPG,H:\MS\sem3\age-estimation-git\data\cleaned_faces\fgnet\FGNET\images\009A16a.JPG,3,14,7,False,False
009A16b.JPG,H:\MS\sem3\age-estimation-git\data\cleaned_faces\fgnet\FGNET\images\009A16b.JPG,3,14,7,False,False
009A18.JPG,H:\MS\sem3\age-estimation-git\data\cleaned_faces\fgnet\FGNET\images\009A18.JPG,3,6,3,True,True
009A22a.JPG,H:\MS\sem3\age-estimation-git\data\cleaned_faces\fgnet\FGNET\images\009A22a.JPG,4,4,2,False,False
009A22b.JPG,H:\MS\sem3\age-estimation-git\data\cleaned_faces\fgnet\FGNET\images\009A22b.JPG,4,16,8,False,False
010A01.JPG,H:\MS\sem3\age-estimation-git\data\cleaned_faces\fgnet\FGNET\images\010A01.JPG,0,17,8,False,False
010A04.JPG,H:\MS\sem3\age-estimation-git\data\cleaned_faces\fgnet\FGNET\images\010A04.JPG,1,14,7,False,False
010A05.JPG,H:\MS\sem3\age-estimation-git\data\cleaned_faces\fgnet\FGNET\images\010A05.JPG,1,14,7,False,False
010A06.JPG,H:\MS\sem3\age-estimation-git\data\cleaned_faces\fgnet\FGNET\images\010A06.JPG,2,8,4,False,False
010A07a.JPG,H:\MS\sem3\age-estimation-git\data\cleaned_faces\fgnet\FGNET\images\010A07a.JPG,2,14,7,False,False
010A07b.JPG,H:\MS\sem3\age-estimation-git\data\cleaned_faces\fgnet\FGNET\images\010A07b.JPG,2,14,7,False,False
010A09.JPG,H:\MS\sem3\age-estimation-git\data\cleaned_faces\fgnet\FGNET\images\010A09.JPG,2,17,8,False,False
010A10.JPG,H:\MS\sem3\age-estimation-git\data\cleaned_faces\fgnet\FGNET\images\010A10.JPG,2,2,1,False,True
010A12.JPG,H:\MS\sem3\age-estimation-git\data\cleaned_faces\fgnet\FGNET\images\010A12.JPG,2,17,8,False,False
010A15.JPG,H:\MS\sem3\age-estimation-git\data\cleaned_faces\fgnet\FGNET\images\010A15.JPG,3,3,1,False,False
010A16.JPG,H:\MS\sem3\age-estimation-git\data\cleaned_faces\fgnet\FGNET\images\010A16.JPG,3,3,1,False,False
010A18.JPG,H:\MS\sem3\age-estimation-git\data\cleaned_faces\fgnet\FGNET\images\010A18.JPG,3,4,2,False,True
011A02.JPG,H:\MS\sem3\age-estimation-git\data\cleaned_faces\fgnet\FGNET\images\011A02.JPG,0,3,1,False,True
011A05.JPG,H:\MS\sem3\age-estimation-git\data\cleaned_faces\fgnet\FGNET\images\011A05.JPG,1,4,2,False,True
011A07.JPG,H:\MS\sem3\age-estimation-git\data\cleaned_faces\fgnet\FGNET\images\011A07.JPG,2,2,1,False,True
011A11.JPG,H:\MS\sem3\age-estimation-git\data\cleaned_faces\fgnet\FGNET\images\011A11.JPG,2,15,7,False,False
011A13.JPG,H:\MS\sem3\age-estimation-git\data\cleaned_faces\fgnet\FGNET\images\011A13.JPG,2,16,8,False,False
011A14.JPG,H:\MS\sem3\age-estimation-git\data\cleaned_faces\fgnet\FGNET\images\011A14.JPG,3,14,7,False,False
011A15.JPG,H:\MS\sem3\age-estimation-git\data\cleaned_faces\fgnet\FGNET\images\011A15.JPG,3,9,4,False,True
011A17.JPG,H:\MS\sem3\age-estimation-git\data\cleaned_faces\fgnet\FGNET\images\011A17.JPG,3,4,2,False,True
011A20.JPG,H:\MS\sem3\age-estimation-git\data\cleaned_faces\fgnet\FGNET\images\011A20.JPG,4,16,8,False,False
011A27.JPG,H:\MS\sem3\age-estimation-git\data\cleaned_faces\fgnet\FGNET\images\011A27.JPG,5,2,1,False,False
011A30.JPG,H:\MS\sem3\age-estimation-git\data\cleaned_faces\fgnet\FGNET\images\011A30.JPG,5,4,2,False,False
011A34.JPG,H:\MS\sem3\age-estimation-git\data\cleaned_faces\fgnet\FGNET\images\011A34.JPG,6,2,1,False,False
011A40.JPG,H:\MS\sem3\age-estimation-git\data\cleaned_faces\fgnet\FGNET\images\011A40.JPG,6,16,8,False,False
011A42.JPG,H:\MS\sem3\age-estimation-git\data\cleaned_faces\fgnet\FGNET\images\011A42.JPG,6,4,2,False,False
012A04.JPG,H:\MS\sem3\age-estimation-git\data\cleaned_faces\fgnet\FGNET\images\012A04.JPG,1,17,8,False,False
012A07.JPG,H:\MS\sem3\age-estimation-git\data\cleaned_faces\fgnet\FGNET\images\012A07.JPG,2,9,4,False,False
012A12.JPG,H:\MS\sem3\age-estimation-git\data\cleaned_faces\fgnet\FGNET\images\012A12.JPG,2,9,4,False,False
012A14.JPG,H:\MS\sem3\age-estimation-git\data\cleaned_faces\fgnet\FGNET\images\012A14.JPG,3,4,2,False,True
012A18.JPG,H:\MS\sem3\age-estimation-git\data\cleaned_faces\fgnet\FGNET\images\012A18.JPG,3,17,8,False,False
012A21.JPG,H:\MS\sem3\age-estimation-git\data\cleaned_faces\fgnet\FGNET\images\012A21.JPG,4,16,8,False,False
012A23.JPG,H:\MS\sem3\age-estimation-git\data\cleaned_faces\fgnet\FGNET\images\012A23.JPG,4,4,2,False,False
012A24.JPG,H:\MS\sem3\age-estimation-git\data\cleaned_faces\fgnet\FGNET\images\012A24.JPG,4,3,1,False,False
012A25.JPG,H:\MS\sem3\age-estimation-git\data\cleaned_faces\fgnet\FGNET\images\012A25.JPG,5,2,1,False,False
012A26.JPG,H:\MS\sem3\age-estimation-git\data\cleaned_faces\fgnet\FGNET\images\012A26.JPG,5,17,8,False,False
012A27.JPG,H:\MS\sem3\age-estimation-git\data\cleaned_faces\fgnet\FGNET\images\012A27.JPG,5,17,8,False,False
012A30.JPG,H:\MS\sem3\age-estimation-git\data\cleaned_faces\fgnet\FGNET\images\012A30.JPG,5,16,8,False,False
012A32.JPG,H:\MS\sem3\age-estimation-git\data\cleaned_faces\fgnet\FGNET\images\012A32.JPG,5,4,2,False,False
012A34.JPG,H:\MS\sem3\age-estimation-git\data\cleaned_faces\fgnet\FGNET\images\012A34.JPG,6,5,2,False,False
012A36.JPG,H:\MS\sem3\age-estimation-git\data\cleaned_faces\fgnet\FGNET\images\012A36.JPG,6,3,1,False,False
013A00.JPG,H:\MS\sem3\age-estimation-git\data\cleaned_faces\fgnet\FGNET\images\013A00.JPG,0,9,4,False,False
013A08.JPG,H:\MS\sem3\age-estimation-git\data\cleaned_faces\fgnet\FGNET\images\013A08.JPG,2,16,8,False,False
013A16.JPG,H:\MS\sem3\age-estimation-git\data\cleaned_faces\fgnet\FGNET\images\013A16.JPG,3,9,4,False,True
013A18.JPG,H:\MS\sem3\age-estimation-git\data\cleaned_faces\fgnet\FGNET\images\013A18.JPG,3,2,1,False,False
013A19.JPG,H:\MS\sem3\age-estimation-git\data\cleaned_faces\fgnet\FGNET\images\013A19.JPG,4,2,1,False,False
013A21.JPG,H:\MS\sem3\age-estimation-git\data\cleaned_faces\fgnet\FGNET\images\013A21.JPG,4,3,1,False,False
013A23.JPG,H:\MS\sem3\age-estimation-git\data\cleaned_faces\fgnet\FGNET\images\013A23.JPG,4,2,1,False,False
013A25.JPG,H:\MS\sem3\age-estimation-git\data\cleaned_faces\fgnet\FGNET\images\013A25.JPG,5,15,7,False,False
013A30.JPG,H:\MS\sem3\age-estimation-git\data\cleaned_faces\fgnet\FGNET\images\013A30.JPG,5,2,1,False,False
013A34.JPG,H:\MS\sem3\age-estimation-git\data\cleaned_faces\fgnet\FGNET\images\013A34.JPG,6,2,1,False,False
013A41.JPG,H:\MS\sem3\age-estimation-git\data\cleaned_faces\fgnet\FGNET\images\013A41.JPG,6,4,2,False,False
013A44.JPG,H:\MS\sem3\age-estimation-git\data\cleaned_faces\fgnet\FGNET\images\013A44.JPG,6,2,1,False,False
014A03.JPG,H:\MS\sem3\age-estimation-git\data\cleaned_faces\fgnet\FGNET\images\014A03.JPG,1,7,3,False,False
014A12.JPG,H:\MS\sem3\age-estimation-git\data\cleaned_faces\fgnet\FGNET\images\014A12.JPG,2,14,7,False,False
014A14.JPG,H:\MS\sem3\age-estimation-git\data\cleaned_faces\fgnet\FGNET\images\014A14.JPG,3,3,1,False,False
014A16.JPG,H:\MS\sem3\age-estimation-git\data\cleaned_faces\fgnet\FGNET\images\014A16.JPG,3,16,8,False,False
014A18.JPG,H:\MS\sem3\age-estimation-git\data\cleaned_faces\fgnet\FGNET\images\014A18.JPG,3,4,2,False,True
014A22.JPG,H:\MS\sem3\age-estimation-git\data\cleaned_faces\fgnet\FGNET\images\014A22.JPG,4,14,7,False,False
014A30.JPG,H:\MS\sem3\age-estimation-git\data\cleaned_faces\fgnet\FGNET\images\014A30.JPG,5,14,7,False,False
014A36.JPG,H:\MS\sem3\age-estimation-git\data\cleaned_faces\fgnet\FGNET\images\014A36.JPG,6,2,1,False,False
014A40.JPG,H:\MS\sem3\age-estimation-git\data\cleaned_faces\fgnet\FGNET\images\014A40.JPG,6,4,2,False,False
014A42.JPG,H:\MS\sem3\age-estimation-git\data\cleaned_faces\fgnet\FGNET\images\014A42.JPG,6,14,7,False,True
015A00.JPG,H:\MS\sem3\age-estimation-git\data\cleaned_faces\fgnet\FGNET\images\015A00.JPG,0,17,8,False,False
015A01.JPG,H:\MS\sem3\age-estimation-git\data\cleaned_faces\fgnet\FGNET\images\015A01.JPG,0,9,4,False,False
015A03.JPG,H:\MS\sem3\age-estimation-git\data\cleaned_faces\fgnet\FGNET\images\015A03.JPG,1,17,8,False,False
015A04.JPG,H:\MS\sem3\age-estimation-git\data\cleaned_faces\fgnet\FGNET\images\015A04.JPG,1,15,7,False,False
015A05.JPG,H:\MS\sem3\age-estimation-git\data\cleaned_faces\fgnet\FGNET\images\015A05.JPG,1,5,2,False,True
015A07.JPG,H:\MS\sem3\age-estimation-git\data\cleaned_faces\fgnet\FGNET\images\015A07.JPG,2,16,8,False,False
015A09.JPG,H:\MS\sem3\age-estimation-git\data\cleaned_faces\fgnet\FGNET\images\015A09.JPG,2,13,6,False,False
015A10.JPG,H:\MS\sem3\age-estimation-git\data\cleaned_faces\fgnet\FGNET\images\015A10.JPG,2,14,7,False,False
015A12.JPG,H:\MS\sem3\age-estimation-git\data\cleaned_faces\fgnet\FGNET\images\015A12.JPG,2,16,8,False,False
015A14.JPG,H:\MS\sem3\age-estimation-git\data\cleaned_faces\fgnet\FGNET\images\015A14.JPG,3,16,8,False,False
015A15.JPG,H:\MS\sem3\age-estimation-git\data\cleaned_faces\fgnet\FGNET\images\015A15.JPG,3,14,7,False,False
015A17.JPG,H:\MS\sem3\age-estimation-git\data\cleaned_faces\fgnet\FGNET\images\015A17.JPG,3,14,7,False,False
015A19.JPG,H:\MS\sem3\age-estimation-git\data\cleaned_faces\fgnet\FGNET\images\015A19.JPG,4,16,8,False,False
016A01.JPG,H:\MS\sem3\age-estimation-git\data\cleaned_faces\fgnet\FGNET\images\016A01.JPG,0,9,4,False,False
016A03.JPG,H:\MS\sem3\age-estimation-git\data\cleaned_faces\fgnet\FGNET\images\016A03.JPG,1,8,4,False,False
016A04.JPG,H:\MS\sem3\age-estimation-git\data\cleaned_faces\fgnet\FGNET\images\016A04.JPG,1,8,4,False,False
016A05.JPG,H:\MS\sem3\age-estimation-git\data\cleaned_faces\fgnet\FGNET\images\016A05.JPG,1,2,1,True,True
016A07.JPG,H:\MS\sem3\age-estimation-git\data\cleaned_faces\fgnet\FGNET\images\016A07.JPG,2,5,2,True,True
016A08.JPG,H:\MS\sem3\age-estimation-git\data\cleaned_faces\fgnet\FGNET\images\016A08.JPG,2,16,8,False,False
016A10.JPG,H:\MS\sem3\age-estimation-git\data\cleaned_faces\fgnet\FGNET\images\016A10.JPG,2,6,3,False,True
016A12.JPG,H:\MS\sem3\age-estimation-git\data\cleaned_faces\fgnet\FGNET\images\016A12.JPG,2,7,3,False,True
016A14.JPG,H:\MS\sem3\age-estimation-git\data\cleaned_faces\fgnet\FGNET\images\016A14.JPG,3,6,3,True,True
016A16.JPG,H:\MS\sem3\age-estimation-git\data\cleaned_faces\fgnet\FGNET\images\016A16.JPG,3,6,3,True,True
016A17.JPG,H:\MS\sem3\age-estimation-git\data\cleaned_faces\fgnet\FGNET\images\016A17.JPG,3,4,2,False,True
016A18.JPG,H:\MS\sem3\age-estimation-git\data\cleaned_faces\fgnet\FGNET\images\016A18.JPG,3,4,2,False,True
016A19.JPG,H:\MS\sem3\age-estimation-git\data\cleaned_faces\fgnet\FGNET\images\016A19.JPG,4,16,8,False,False
017A05.JPG,H:\MS\sem3\age-estimation-git\data\cleaned_faces\fgnet\FGNET\images\017A05.JPG,1,14,7,False,False
017A07.JPG,H:\MS\sem3\age-estimation-git\data\cleaned_faces\fgnet\FGNET\images\017A07.JPG,2,5,2,True,True
017A12.JPG,H:\MS\sem3\age-estimation-git\data\cleaned_faces\fgnet\FGNET\images\017A12.JPG,2,2,1,False,True
017A15.JPG,H:\MS\sem3\age-estimation-git\data\cleaned_faces\fgnet\FGNET\images\017A15.JPG,3,7,3,True,True
017A17.JPG,H:\MS\sem3\age-estimation-git\data\cleaned_faces\fgnet\FGNET\images\017A17.JPG,3,4,2,False,True
017A19.JPG,H:\MS\sem3\age-estimation-git\data\cleaned_faces\fgnet\FGNET\images\017A19.JPG,4,16,8,False,False
017A22.JPG,H:\MS\sem3\age-estimation-git\data\cleaned_faces\fgnet\FGNET\images\017A22.JPG,4,14,7,False,False
017A26.JPG,H:\MS\sem3\age-estimation-git\data\cleaned_faces\fgnet\FGNET\images\017A26.JPG,5,2,1,False,False
017A29.JPG,H:\MS\sem3\age-estimation-git\data\cleaned_faces\fgnet\FGNET\images\017A29.JPG,5,4,2,False,False
017A32.JPG,H:\MS\sem3\age-estimation-git\data\cleaned_faces\fgnet\FGNET\images\017A32.JPG,5,4,2,False,False
017A36.JPG,H:\MS\sem3\age-estimation-git\data\cleaned_faces\fgnet\FGNET\images\017A36.JPG,6,4,2,False,False
017A38.JPG,H:\MS\sem3\age-estimation-git\data\cleaned_faces\fgnet\FGNET\images\017A38.JPG,6,4,2,False,False
017A42.JPG,H:\MS\sem3\age-estimation-git\data\cleaned_faces\fgnet\FGNET\images\017A42.JPG,6,2,1,False,False
018A06.JPG,H:\MS\sem3\age-estimation-git\data\cleaned_faces\fgnet\FGNET\images\018A06.JPG,2,2,1,False,True
018A11.JPG,H:\MS\sem3\age-estimation-git\data\cleaned_faces\fgnet\FGNET\images\018A11.JPG,2,17,8,False,False
018A16.JPG,H:\MS\sem3\age-estimation-git\data\cleaned_faces\fgnet\FGNET\images\018A16.JPG,3,17,8,False,False
018A18.JPG,H:\MS\sem3\age-estimation-git\data\cleaned_faces\fgnet\FGNET\images\018A18.JPG,3,6,3,True,True
018A22.JPG,H:\MS\sem3\age-estimation-git\data\cleaned_faces\fgnet\FGNET\images\018A22.JPG,4,16,8,False,False
018A25.JPG,H:\MS\sem3\age-estimation-git\data\cleaned_faces\fgnet\FGNET\images\018A25.JPG,5,6,3,False,False
018A28.JPG,H:\MS\sem3\age-estimation-git\data\cleaned_faces\fgnet\FGNET\images\018A28.JPG,5,5,2,False,False
018A29.JPG,H:\MS\sem3\age-estimation-git\data\cleaned_faces\fgnet\FGNET\images\018A29.JPG,5,4,2,False,False
018A33.JPG,H:\MS\sem3\age-estimation-git\data\cleaned_faces\fgnet\FGNET\images\018A33.JPG,5,9,4,False,True
018A34.JPG,H:\MS\sem3\age-estimation-git\data\cleaned_faces\fgnet\FGNET\images\018A34.JPG,6,5,2,False,False
018A36.JPG,H:\MS\sem3\age-estimation-git\data\cleaned_faces\fgnet\FGNET\images\018A36.JPG,6,17,8,False,False
019A00.JPG,H:\MS\sem3\age-estimation-git\data\cleaned_faces\fgnet\FGNET\images\019A00.JPG,0,9,4,False,False
019A03.JPG,H:\MS\sem3\age-estimation-git\data\cleaned_faces\fgnet\FGNET\images\019A03.JPG,1,2,1,True,True
019A05.JPG,H:\MS\sem3\age-estimation-git\data\cleaned_faces\fgnet\FGNET\images\019A05.JPG,1,16,8,False,False
019A07.JPG,H:\MS\sem3\age-estimation-git\data\cleaned_faces\fgnet\FGNET\images\019A07.JPG,2,16,8,False,False
019A12.JPG,H:\MS\sem3\age-estimation-git\data\cleaned_faces\fgnet\FGNET\images\019A12.JPG,2,6,3,False,True
019A15.JPG,H:\MS\sem3\age-estimation-git\data\cleaned_faces\fgnet\FGNET\images\019A15.JPG,3,2,1,False,False
019A18.JPG,H:\MS\sem3\age-estimation-git\data\cleaned_faces\fgnet\FGNET\images\019A18.JPG,3,6,3,True,True
019A23.JPG,H:\MS\sem3\age-estimation-git\data\cleaned_faces\fgnet\FGNET\images\019A23.JPG,4,2,1,False,False
019A27.JPG,H:\MS\sem3\age-estimation-git\data\cleaned_faces\fgnet\FGNET\images\019A27.JPG,5,4,2,False,False
019A30.JPG,H:\MS\sem3\age-estimation-git\data\cleaned_faces\fgnet\FGNET\images\019A30.JPG,5,2,1,False,False
020A02.JPG,H:\MS\sem3\age-estimation-git\data\cleaned_faces\fgnet\FGNET\images\020A02.JPG,0,5,2,False,False
020A04.JPG,H:\MS\sem3\age-estimation-git\data\cleaned_faces\fgnet\FGNET\images\020A04.JPG,1,5,2,False,True
020A08.JPG,H:\MS\sem3\age-estimation-git\data\cleaned_faces\fgnet\FGNET\images\020A08.JPG,2,3,1,False,True
020A11.JPG,H:\MS\sem3\age-estimation-git\data\cleaned_faces\fgnet\FGNET\images\020A11.JPG,2,14,7,False,False
020A13.JPG,H:\MS\sem3\age-estimation-git\data\cleaned_faces\fgnet\FGNET\images\020A13.JPG,2,7,3,False,True
020A16.JPG,H:\MS\sem3\age-estimation-git\data\cleaned_faces\fgnet\FGNET\images\020A16.JPG,3,14,7,False,False
020A18.JPG,H:\MS\sem3\age-estimation-git\data\cleaned_faces\fgnet\FGNET\images\020A18.JPG,3,3,1,False,False
020A20.JPG,H:\MS\sem3\age-estimation-git\data\cleaned_faces\fgnet\FGNET\images\020A20.JPG,4,16,8,False,False
020A22.JPG,H:\MS\sem3\age-estimation-git\data\cleaned_faces\fgnet\FGNET\images\020A22.JPG,4,7,3,False,True
020A24.JPG,H:\MS\sem3\age-estimation-git\data\cleaned_faces\fgnet\FGNET\images\020A24.JPG,4,17,8,False,False
020A26.JPG,H:\MS\sem3\age-estimation-git\data\cleaned_faces\fgnet\FGNET\images\020A26.JPG,5,4,2,False,False
020A30.JPG,H:\MS\sem3\age-estimation-git\data\cleaned_faces\fgnet\FGNET\images\020A30.JPG,5,14,7,False,False
020A36.JPG,H:\MS\sem3\age-estimation-git\data\cleaned_faces\fgnet\FGNET\images\020A36.JPG,6,4,2,False,False
021A03.JPG,H:\MS\sem3\age-estimation-git\data\cleaned_faces\fgnet\FGNET\images\021A03.JPG,1,4,2,False,True
021A05.JPG,H:\MS\sem3\age-estimation-git\data\cleaned_faces\fgnet\FGNET\images\021A05.JPG,1,9,4,False,False
021A06.JPG,H:\MS\sem3\age-estimation-git\data\cleaned_faces\fgnet\FGNET\images\021A06.JPG,2,9,4,False,False
021A11.JPG,H:\MS\sem3\age-estimation-git\data\cleaned_faces\fgnet\FGNET\images\021A11.JPG,2,16,8,False,False
021A16.JPG,H:\MS\sem3\age-estimation-git\data\cleaned_faces\fgnet\FGNET\images\021A16.JPG,3,4,2,False,True
021A18.JPG,H:\MS\sem3\age-estimation-git\data\cleaned_faces\fgnet\FGNET\images\021A18.JPG,3,4,2,False,True
021A20.JPG,H:\MS\sem3\age-estimation-git\data\cleaned_faces\fgnet\FGNET\images\021A20.JPG,4,16,8,False,False
021A23.JPG,H:\MS\sem3\age-estimation-git\data\cleaned_faces\fgnet\FGNET\images\021A23.JPG,4,8,4,True,True
021A27.JPG,H:\MS\sem3\age-estimation-git\data\cleaned_faces\fgnet\FGNET\images\021A27.JPG,5,5,2,False,False
021A30.JPG,H:\MS\sem3\age-estimation-git\data\cleaned_faces\fgnet\FGNET\images\021A30.JPG,5,8,4,False,True
021A35.JPG,H:\MS\sem3\age-estimation-git\data\cleaned_faces\fgnet\FGNET\images\021A35.JPG,6,7,3,False,False
021A39.JPG,H:\MS\sem3\age-estimation-git\data\cleaned_faces\fgnet\FGNET\images\021A39.JPG,6,16,8,False,False
022A00.JPG,H:\MS\sem3\age-estimation-git\data\cleaned_faces\fgnet\FGNET\images\022A00.JPG,0,5,2,False,False
022A07.JPG,H:\MS\sem3\age-estimation-git\data\cleaned_faces\fgnet\FGNET\images\022A07.JPG,2,4,2,True,True
022A11.JPG,H:\MS\sem3\age-estimation-git\data\cleaned_faces\fgnet\FGNET\images\022A11.JPG,2,16,8,False,False
022A14.JPG,H:\MS\sem3\age-estimation-git\data\cleaned_faces\fgnet\FGNET\images\022A14.JPG,3,16,8,False,False
022A16.JPG,H:\MS\sem3\age-estimation-git\data\cleaned_faces\fgnet\FGNET\images\022A16.JPG,3,4,2,False,True
022A18.JPG,H:\MS\sem3\age-estimation-git\data\cleaned_faces\fgnet\FGNET\images\022A18.JPG,3,2,1,False,False
022A20.JPG,H:\MS\sem3\age-estimation-git\data\cleaned_faces\fgnet\FGNET\images\022A20.JPG,4,2,1,False,False
022A23.JPG,H:\MS\sem3\age-estimation-git\data\cleaned_faces\fgnet\FGNET\images\022A23.JPG,4,2,1,False,False
022A25.JPG,H:\MS\sem3\age-estimation-git\data\cleaned_faces\fgnet\FGNET\images\022A25.JPG,5,2,1,False,False
022A26.JPG,H:\MS\sem3\age-estimation-git\data\cleaned_faces\fgnet\FGNET\images\022A26.JPG,5,2,1,False,False
022A27.JPG,H:\MS\sem3\age-estimation-git\data\cleaned_faces\fgnet\FGNET\images\022A27.JPG,5,4,2,False,False
022A28.JPG,H:\MS\sem3\age-estimation-git\data\cleaned_faces\fgnet\FGNET\images\022A28.JPG,5,4,2,False,False
022A30.JPG,H:\MS\sem3\age-estimation-git\data\cleaned_faces\fgnet\FGNET\images\022A30.JPG,5,5,2,False,False
023A00.JPG,H:\MS\sem3\age-estimation-git\data\cleaned_faces\fgnet\FGNET\images\023A00.JPG,0,5,2,False,False
023A03.JPG,H:\MS\sem3\age-estimation-git\data\cleaned_faces\fgnet\FGNET\images\023A03.JPG,1,9,4,False,False
023A05.JPG,H:\MS\sem3\age-estimation-git\data\cleaned_faces\fgnet\FGNET\images\023A05.JPG,1,14,7,False,False
023A07.JPG,H:\MS\sem3\age-estimation-git\data\cleaned_faces\fgnet\FGNET\images\023A07.JPG,2,14,7,False,False
023A09.JPG,H:\MS\sem3\age-estimation-git\data\cleaned_faces\fgnet\FGNET\images\023A09.JPG,2,15,7,False,False
023A14.JPG,H:\MS\sem3\age-estimation-git\data\cleaned_faces\fgnet\FGNET\images\023A14.JPG,3,2,1,False,False
023A16.JPG,H:\MS\sem3\age-estimation-git\data\cleaned_faces\fgnet\FGNET\images\023A16.JPG,3,5,2,False,True
023A18.JPG,H:\MS\sem3\age-estimation-git\data\cleaned_faces\fgnet\FGNET\images\023A18.JPG,3,14,7,False,False
023A21.JPG,H:\MS\sem3\age-estimation-git\data\cleaned_faces\fgnet\FGNET\images\023A21.JPG,4,2,1,False,False
023A22.JPG,H:\MS\sem3\age-estimation-git\data\cleaned_faces\fgnet\FGNET\images\023A22.JPG,4,16,8,False,False
023A25.JPG,H:\MS\sem3\age-estimation-git\data\cleaned_faces\fgnet\FGNET\images\023A25.JPG,5,4,2,False,False
023A29.JPG,H:\MS\sem3\age-estimation-git\data\cleaned_faces\fgnet\FGNET\images\023A29.JPG,5,4,2,False,False
024A00.JPG,H:\MS\sem3\age-estimation-git\data\cleaned_faces\fgnet\FGNET\images\024A00.JPG,0,17,8,False,False
024A05.JPG,H:\MS\sem3\age-estimation-git\data\cleaned_faces\fgnet\FGNET\images\024A05.JPG,1,5,2,False,True
024A07.JPG,H:\MS\sem3\age-estimation-git\data\cleaned_faces\fgnet\FGNET\images\024A07.JPG,2,6,3,False,True
024A10.JPG,H:\MS\sem3\age-estimation-git\data\cleaned_faces\fgnet\FGNET\images\024A10.JPG,2,15,7,False,False
024A17.JPG,H:\MS\sem3\age-estimation-git\data\cleaned_faces\fgnet\FGNET\images\024A17.JPG,3,2,1,False,False
024A18.JPG,H:\MS\sem3\age-estimation-git\data\cleaned_faces\fgnet\FGNET\images\024A18.JPG,3,14,7,False,False
024A19.JPG,H:\MS\sem3\age-estimation-git\data\cleaned_faces\fgnet\FGNET\images\024A19.JPG,4,2,1,False,False
024A23.JPG,H:\MS\sem3\age-estimation-git\data\cleaned_faces\fgnet\FGNET\images\024A23.JPG,4,4,2,False,False
024A25.JPG,H:\MS\sem3\age-estimation-git\data\cleaned_faces\fgnet\FGNET\images\024A25.JPG,5,6,3,False,False
024A28.JPG,H:\MS\sem3\age-estimation-git\data\cleaned_faces\fgnet\FGNET\images\024A28.JPG,5,4,2,False,False
024A30.JPG,H:\MS\sem3\age-estimation-git\data\cleaned_faces\fgnet\FGNET\images\024A30.JPG,5,4,2,False,False
025A00.JPG,H:\MS\sem3\age-estimation-git\data\cleaned_faces\fgnet\FGNET\images\025A00.JPG,0,5,2,False,False
025A03.JPG,H:\MS\sem3\age-estimation-git\data\cleaned_faces\fgnet\FGNET\images\025A03.JPG,1,9,4,False,False
025A07.JPG,H:\MS\sem3\age-estimation-git\data\cleaned_faces\fgnet\FGNET\images\025A07.JPG,2,5,2,True,True
025A12.JPG,H:\MS\sem3\age-estimation-git\data\cleaned_faces\fgnet\FGNET\images\025A12.JPG,2,16,8,False,False
025A15.JPG,H:\MS\sem3\age-estimation-git\data\cleaned_faces\fgnet\FGNET\images\025A15.JPG,3,5,2,False,True
025A18.JPG,H:\MS\sem3\age-estimation-git\data\cleaned_faces\fgnet\FGNET\images\025A18.JPG,3,9,4,False,True
025A19.JPG,H:\MS\sem3\age-estimation-git\data\cleaned_faces\fgnet\FGNET\images\025A19.JPG,4,14,7,False,False
025A22.JPG,H:\MS\sem3\age-estimation-git\data\cleaned_faces\fgnet\FGNET\images\025A22.JPG,4,6,3,False,True
025A23.JPG,H:\MS\sem3\age-estimation-git\data\cleaned_faces\fgnet\FGNET\images\025A23.JPG,4,5,2,False,False
025A28.JPG,H:\MS\sem3\age-estimation-git\data\cleaned_faces\fgnet\FGNET\images\025A28.JPG,5,2,1,False,False
025A34.JPG,H:\MS\sem3\age-estimation-git\data\cleaned_faces\fgnet\FGNET\images\025A34.JPG,6,14,7,False,True
025A39.JPG,H:\MS\sem3\age-estimation-git\data\cleaned_faces\fgnet\FGNET\images\025A39.JPG,6,8,4,False,False
026A00.JPG,H:\MS\sem3\age-estimation-git\data\cleaned_faces\fgnet\FGNET\images\026A00.JPG,0,15,7,False,False
026A02.JPG,H:\MS\sem3\age-estimation-git\data\cleaned_faces\fgnet\FGNET\images\026A02.JPG,0,15,7,False,False
026A04.JPG,H:\MS\sem3\age-estimation-git\data\cleaned_faces\fgnet\FGNET\images\026A04.JPG,1,5,2,False,True
026A06.JPG,H:\MS\sem3\age-estimation-git\data\cleaned_faces\fgnet\FGNET\images\026A06.JPG,2,14,7,False,False
026A07.JPG,H:\MS\sem3\age-estimation-git\data\cleaned_faces\fgnet\FGNET\images\026A07.JPG,2,14,7,False,False
026A11.JPG,H:\MS\sem3\age-estimation-git\data\cleaned_faces\fgnet\FGNET\images\026A11.JPG,2,14,7,False,False
026A13.JPG,H:\MS\sem3\age-estimation-git\data\cleaned_faces\fgnet\FGNET\images\026A13.JPG,2,16,8,False,False
026A15.JPG,H:\MS\sem3\age-estimation-git\data\cleaned_faces\fgnet\FGNET\images\026A15.JPG,3,14,7,False,False
026A17.JPG,H:\MS\sem3\age-estimation-git\data\cleaned_faces\fgnet\FGNET\images\026A17.JPG,3,2,1,False,False
026A18.JPG,H:\MS\sem3\age-estimation-git\data\cleaned_faces\fgnet\FGNET\images\026A18.JPG,3,14,7,False,False
026A19.JPG,H:\MS\sem3\age-estimation-git\data\cleaned_faces\fgnet\FGNET\images\026A19.JPG,4,16,8,False,False
027A02.JPG,H:\MS\sem3\age-estimation-git\data\cleaned_faces\fgnet\FGNET\images\027A02.JPG,0,3,1,False,True
027A11.JPG,H:\MS\sem3\age-estimation-git\data\cleaned_faces\fgnet\FGNET\images\027A11.JPG,2,16,8,False,False
027A13.JPG,H:\MS\sem3\age-estimation-git\data\cleaned_faces\fgnet\FGNET\images\027A13.JPG,2,16,8,False,False
027A16.JPG,H:\MS\sem3\age-estimation-git\data\cleaned_faces\fgnet\FGNET\images\027A16.JPG,3,16,8,False,False
027A18.JPG,H:\MS\sem3\age-estimation-git\data\cleaned_faces\fgnet\FGNET\images\027A18.JPG,3,16,8,False,False
027A20.JPG,H:\MS\sem3\age-estimation-git\data\cleaned_faces\fgnet\FGNET\images\027A20.JPG,4,17,8,False,False
027A22.JPG,H:\MS\sem3\age-estimation-git\data\cleaned_faces\fgnet\FGNET\images\027A22.JPG,4,5,2,False,False
027A25.JPG,H:\MS\sem3\age-estimation-git\data\cleaned_faces\fgnet\FGNET\images\027A25.JPG,5,9,4,False,True
027A30.JPG,H:\MS\sem3\age-estimation-git\data\cleaned_faces\fgnet\FGNET\images\027A30.JPG,5,15,7,False,False
027A36.JPG,H:\MS\sem3\age-estimation-git\data\cleaned_faces\fgnet\FGNET\images\027A36.JPG,6,15,7,False,True
027A41.JPG,H:\MS\sem3\age-estimation-git\data\cleaned_faces\fgnet\FGNET\images\027A41.JPG,6,9,4,False,False
028A14.JPG,H:\MS\sem3\age-estimation-git\data\cleaned_faces\fgnet\FGNET\images\028A14.JPG,3,4,2,False,True
028A16.JPG,H:\MS\sem3\age-estimation-git\data\cleaned_faces\fgnet\FGNET\images\028A16.JPG,3,14,7,False,False
028A18.JPG,H:\MS\sem3\age-estimation-git\data\cleaned_faces\fgnet\FGNET\images\028A18.JPG,3,14,7,False,False
028A20.JPG,H:\MS\sem3\age-estimation-git\data\cleaned_faces\fgnet\FGNET\images\028A20.JPG,4,14,7,False,False
028A26.JPG,H:\MS\sem3\age-estimation-git\data\cleaned_faces\fgnet\FGNET\images\028A26.JPG,5,16,8,False,False
028A28.JPG,H:\MS\sem3\age-estimation-git\data\cleaned_faces\fgnet\FGNET\images\028A28.JPG,5,6,3,False,False
028A34.JPG,H:\MS\sem3\age-estimation-git\data\cleaned_faces\fgnet\FGNET\images\028A34.JPG,6,9,4,False,False
028A35.JPG,H:\MS\sem3\age-estimation-git\data\cleaned_faces\fgnet\FGNET\images\028A35.JPG,6,8,4,False,False
028A37.JPG,H:\MS\sem3\age-estimation-git\data\cleaned_faces\fgnet\FGNET\images\028A37.JPG,6,8,4,False,False
028A41.JPG,H:\MS\sem3\age-estimation-git\data\cleaned_faces\fgnet\FGNET\images\028A41.JPG,6,8,4,False,False
028A46.JPG,H:\MS\sem3\age-estimation-git\data\cleaned_faces\fgnet\FGNET\images\028A46.JPG,6,9,4,False,False
029A01.JPG,H:\MS\sem3\age-estimation-git\data\cleaned_faces\fgnet\FGNET\images\029A01.JPG,0,14,7,False,False
029A04.JPG,H:\MS\sem3\age-estimation-git\data\cleaned_faces\fgnet\FGNET\images\029A04.JPG,1,14,7,False,False
029A05.JPG,H:\MS\sem3\age-estimation-git\data\cleaned_faces\fgnet\FGNET\images\029A05.JPG,1,14,7,False,False
029A10.JPG,H:\MS\sem3\age-estimation-git\data\cleaned_faces\fgnet\FGNET\images\029A10.JPG,2,4,2,True,True
029A11.JPG,H:\MS\sem3\age-estimation-git\data\cleaned_faces\fgnet\FGNET\images\029A11.JPG,2,9,4,False,False
029A13.JPG,H:\MS\sem3\age-estimation-git\data\cleaned_faces\fgnet\FGNET\images\029A13.JPG,2,3,1,False,True
029A16.JPG,H:\MS\sem3\age-estimation-git\data\cleaned_faces\fgnet\FGNET\images\029A16.JPG,3,2,1,False,False
029A20.JPG,H:\MS\sem3\age-estimation-git\data\cleaned_faces\fgnet\FGNET\images\029A20.JPG,4,16,8,False,False
029A22.JPG,H:\MS\sem3\age-estimation-git\data\cleaned_faces\fgnet\FGNET\images\029A22.JPG,4,8,4,True,True
029A23.JPG,H:\MS\sem3\age-estimation-git\data\cleaned_faces\fgnet\FGNET\images\029A23.JPG,4,4,2,False,False
029A29.JPG,H:\MS\sem3\age-estimation-git\data\cleaned_faces\fgnet\FGNET\images\029A29.JPG,5,6,3,False,False
029A31.JPG,H:\MS\sem3\age-estimation-git\data\cleaned_faces\fgnet\FGNET\images\029A31.JPG,5,6,3,False,False
029A33.JPG,H:\MS\sem3\age-estimation-git\data\cleaned_faces\fgnet\FGNET\images\029A33.JPG,5,4,2,False,False
030A00.JPG,H:\MS\sem3\age-estimation-git\data\cleaned_faces\fgnet\FGNET\images\030A00.JPG,0,15,7,False,False
030A04.JPG,H:\MS\sem3\age-estimation-git\data\cleaned_faces\fgnet\FGNET\images\030A04.JPG,1,17,8,False,False
030A05.JPG,H:\MS\sem3\age-estimation-git\data\cleaned_faces\fgnet\FGNET\images\030A05.JPG,1,3,1,True,True
030A07.JPG,H:\MS\sem3\age-estimation-git\data\cleaned_faces\fgnet\FGNET\images\030A07.JPG,2,17,8,False,False
030A10.JPG,H:\MS\sem3\age-estimation-git\data\cleaned_faces\fgnet\FGNET\images\030A10.JPG,2,7,3,False,True
030A16.JPG,H:\MS\sem3\age-estimation-git\data\cleaned_faces\fgnet\FGNET\images\030A16.JPG,3,2,1,False,False
030A17.JPG,H:\MS\sem3\age-estimation-git\data\cleaned_faces\fgnet\FGNET\images\030A17.JPG,3,2,1,False,False
030A18.JPG,H:\MS\sem3\age-estimation-git\data\cleaned_faces\fgnet\FGNET\images\030A18.JPG,3,16,8,False,False
030A20.JPG,H:\MS\sem3\age-estimation-git\data\cleaned_faces\fgnet\FGNET\images\030A20.JPG,4,3,1,False,False
030A23.JPG,H:\MS\sem3\age-estimation-git\data\cleaned_faces\fgnet\FGNET\images\030A23.JPG,4,17,8,False,False
030A26.JPG,H:\MS\sem3\age-estimation-git\data\cleaned_faces\fgnet\FGNET\images\030A26.JPG,5,5,2,False,False
031A00.JPG,H:\MS\sem3\age-estimation-git\data\cleaned_faces\fgnet\FGNET\images\031A00.JPG,0,5,2,False,False
031A02.JPG,H:\MS\sem3\age-estimation-git\data\cleaned_faces\fgnet\FGNET\images\031A02.JPG,0,2,1,False,True
031A03.JPG,H:\MS\sem3\age-estimation-git\data\cleaned_faces\fgnet\FGNET\images\031A03.JPG,1,7,3,False,False
031A04.JPG,H:\MS\sem3\age-estimation-git\data\cleaned_faces\fgnet\FGNET\images\031A04.JPG,1,14,7,False,False
031A06.JPG,H:\MS\sem3\age-estimation-git\data\cleaned_faces\fgnet\FGNET\images\031A06.JPG,2,2,1,False,True
031A07.JPG,H:\MS\sem3\age-estimation-git\data\cleaned_faces\fgnet\FGNET\images\031A07.JPG,2,12,6,False,False
031A09.JPG,H:\MS\sem3\age-estimation-git\data\cleaned_faces\fgnet\FGNET\images\031A09.JPG,2,2,1,False,True
031A11.JPG,H:\MS\sem3\age-estimation-git\data\cleaned_faces\fgnet\FGNET\images\031A11.JPG,2,4,2,True,True
031A12.JPG,H:\MS\sem3\age-estimation-git\data\cleaned_faces\fgnet\FGNET\images\031A12.JPG,2,16,8,False,False
031A14.JPG,H:\MS\sem3\age-estimation-git\data\cleaned_faces\fgnet\FGNET\images\031A14.JPG,3,2,1,False,False
031A15.JPG,H:\MS\sem3\age-estimation-git\data\cleaned_faces\fgnet\FGNET\images\031A15.JPG,3,16,8,False,False
031A16.JPG,H:\MS\sem3\age-estimation-git\data\cleaned_faces\fgnet\FGNET\images\031A16.JPG,3,16,8,False,False
031A19.JPG,H:\MS\sem3\age-estimation-git\data\cleaned_faces\fgnet\FGNET\images\031A19.JPG,4,8,4,True,True
032A06.JPG,H:\MS\sem3\age-estimation-git\data\cleaned_faces\fgnet\FGNET\images\032A06.JPG,2,2,1,False,True
032A08.JPG,H:\MS\sem3\age-estimation-git\data\cleaned_faces\fgnet\FGNET\images\032A08.JPG,2,2,1,False,True
032A10.JPG,H:\MS\sem3\age-estimation-git\data\cleaned_faces\fgnet\FGNET\images\032A10.JPG,2,4,2,True,True
032A13.JPG,H:\MS\sem3\age-estimation-git\data\cleaned_faces\fgnet\FGNET\images\032A13.JPG,2,3,1,False,True
032A15.JPG,H:\MS\sem3\age-estimation-git\data\cleaned_faces\fgnet\FGNET\images\032A15.JPG,3,2,1,False,False
032A18.JPG,H:\MS\sem3\age-estimation-git\data\cleaned_faces\fgnet\FGNET\images\032A18.JPG,3,2,1,False,False
032A20.JPG,H:\MS\sem3\age-estimation-git\data\cleaned_faces\fgnet\FGNET\images\032A20.JPG,4,17,8,False,False
032A24.JPG,H:\MS\sem3\age-estimation-git\data\cleaned_faces\fgnet\FGNET\images\032A24.JPG,4,4,2,False,False
032A28.JPG,H:\MS\sem3\age-estimation-git\data\cleaned_faces\fgnet\FGNET\images\032A28.JPG,5,8,4,False,True
032A33.JPG,H:\MS\sem3\age-estimation-git\data\cleaned_faces\fgnet\FGNET\images\032A33.JPG,5,8,4,False,True
032A35.JPG,H:\MS\sem3\age-estimation-git\data\cleaned_faces\fgnet\FGNET\images\032A35.JPG,6,7,3,False,False
032A40.JPG,H:\MS\sem3\age-estimation-git\data\cleaned_faces\fgnet\FGNET\images\032A40.JPG,6,7,3,False,False
033A02.JPG,H:\MS\sem3\age-estimation-git\data\cleaned_faces\fgnet\FGNET\images\033A02.JPG,0,2,1,False,True
033A05.JPG,H:\MS\sem3\age-estimation-git\data\cleaned_faces\fgnet\FGNET\images\033A05.JPG,1,3,1,True,True
033A10.JPG,H:\MS\sem3\age-estimation-git\data\cleaned_faces\fgnet\FGNET\images\033A10.JPG,2,4,2,True,True
033A14.JPG,H:\MS\sem3\age-estimation-git\data\cleaned_faces\fgnet\FGNET\images\033A14.JPG,3,17,8,False,False
033A18.JPG,H:\MS\sem3\age-estimation-git\data\cleaned_faces\fgnet\FGNET\images\033A18.JPG,3,7,3,True,True
033A21.JPG,H:\MS\sem3\age-estimation-git\data\cleaned_faces\fgnet\FGNET\images\033A21.JPG,4,5,2,False,False
033A25.JPG,H:\MS\sem3\age-estimation-git\data\cleaned_faces\fgnet\FGNET\images\033A25.JPG,5,3,1,False,False
033A30.JPG,H:\MS\sem3\age-estimation-git\data\cleaned_faces\fgnet\FGNET\images\033A30.JPG,5,8,4,False,True
033A35.JPG,H:\MS\sem3\age-estimation-git\data\cleaned_faces\fgnet\FGNET\images\033A35.JPG,6,16,8,False,False
033A39.JPG,H:\MS\sem3\age-estimation-git\data\cleaned_faces\fgnet\FGNET\images\033A39.JPG,6,6,3,False,False
033A44.JPG,H:\MS\sem3\age-estimation-git\data\cleaned_faces\fgnet\FGNET\images\033A44.JPG,6,6,3,False,False
034A02.JPG,H:\MS\sem3\age-estimation-git\data\cleaned_faces\fgnet\FGNET\images\034A02.JPG,0,6,3,False,False
034A04.JPG,H:\MS\sem3\age-estimation-git\data\cleaned_faces\fgnet\FGNET\images\034A04.JPG,1,9,4,False,False
034A11.JPG,H:\MS\sem3\age-estimation-git\data\cleaned_faces\fgnet\FGNET\images\034A11.JPG,2,5,2,True,True
034A13.JPG,H:\MS\sem3\age-estimation-git\data\cleaned_faces\fgnet\FGNET\images\034A13.JPG,2,17,8,False,False
034A15.JPG,H:\MS\sem3\age-estimation-git\data\cleaned_faces\fgnet\FGNET\images\034A15.JPG,3,5,2,False,True
034A16.JPG,H:\MS\sem3\age-estimation-git\data\cleaned_faces\fgnet\FGNET\images\034A16.JPG,3,16,8,False,False
034A18.JPG,H:\MS\sem3\age-estimation-git\data\cleaned_faces\fgnet\FGNET\images\034A18.JPG,3,17,8,False,False
034A21.JPG,H:\MS\sem3\age-estimation-git\data\cleaned_faces\fgnet\FGNET\images\034A21.JPG,4,15,7,False,False
034A25.JPG,H:\MS\sem3\age-estimation-git\data\cleaned_faces\fgnet\FGNET\images\034A25.JPG,5,3,1,False,False
034A30.JPG,H:\MS\sem3\age-estimation-git\data\cleaned_faces\fgnet\FGNET\images\034A30.JPG,5,6,3,False,False
034A35.JPG,H:\MS\sem3\age-estimation-git\data\cleaned_faces\fgnet\FGNET\images\034A35.JPG,6,4,2,False,False
034A39.JPG,H:\MS\sem3\age-estimation-git\data\cleaned_faces\fgnet\FGNET\images\034A39.JPG,6,4,2,False,False
034A44.JPG,H:\MS\sem3\age-estimation-git\data\cleaned_faces\fgnet\FGNET\images\034A44.JPG,6,4,2,False,False
035A00.JPG,H:\MS\sem3\age-estimation-git\data\cleaned_faces\fgnet\FGNET\images\035A00.JPG,0,2,1,False,True
035A01.JPG,H:\MS\sem3\age-estimation-git\data\cleaned_faces\fgnet\FGNET\images\035A01.JPG,0,17,8,False,False
035A03.JPG,H:\MS\sem3\age-estimation-git\data\cleaned_faces\fgnet\FGNET\images\035A03.JPG,1,9,4,False,False
035A05.JPG,H:\MS\sem3\age-estimation-git\data\cleaned_faces\fgnet\FGNET\images\035A05.JPG,1,2,1,True,True
035A07.JPG,H:\MS\sem3\age-estimation-git\data\cleaned_faces\fgnet\FGNET\images\035A07.JPG,2,2,1,False,True
035A08.JPG,H:\MS\sem3\age-estimation-git\data\cleaned_faces\fgnet\FGNET\images\035A08.JPG,2,2,1,False,True
035A09.JPG,H:\MS\sem3\age-estimation-git\data\cleaned_faces\fgnet\FGNET\images\035A09.JPG,2,2,1,False,True
035A12.JPG,H:\MS\sem3\age-estimation-git\data\cleaned_faces\fgnet\FGNET\images\035A12.JPG,2,16,8,False,False
035A14.JPG,H:\MS\sem3\age-estimation-git\data\cleaned_faces\fgnet\FGNET\images\035A14.JPG,3,16,8,False,False
035A16.JPG,H:\MS\sem3\age-estimation-git\data\cleaned_faces\fgnet\FGNET\images\035A16.JPG,3,14,7,False,False
035A18.JPG,H:\MS\sem3\age-estimation-git\data\cleaned_faces\fgnet\FGNET\images\035A18.JPG,3,2,1,False,False
035A21.JPG,H:\MS\sem3\age-estimation-git\data\cleaned_faces\fgnet\FGNET\images\035A21.JPG,4,16,8,False,False
035A23a.JPG,H:\MS\sem3\age-estimation-git\data\cleaned_faces\fgnet\FGNET\images\035A23a.JPG,4,4,2,False,False
035A23b.JPG,H:\MS\sem3\age-estimation-git\data\cleaned_faces\fgnet\FGNET\images\035A23b.JPG,4,2,1,False,False
036A00.JPG,H:\MS\sem3\age-estimation-git\data\cleaned_faces\fgnet\FGNET\images\036A00.JPG,0,14,7,False,False
036A01.JPG,H:\MS\sem3\age-estimation-git\data\cleaned_faces\fgnet\FGNET\images\036A01.JPG,0,13,6,False,False
036A03.JPG,H:\MS\sem3\age-estimation-git\data\cleaned_faces\fgnet\FGNET\images\036A03.JPG,1,2,1,True,True
036A05.JPG,H:\MS\sem3\age-estimation-git\data\cleaned_faces\fgnet\FGNET\images\036A05.JPG,1,2,1,True,True
036A06.JPG,H:\MS\sem3\age-estimation-git\data\cleaned_faces\fgnet\FGNET\images\036A06.JPG,2,2,1,False,True
036A08.JPG,H:\MS\sem3\age-estimation-git\data\cleaned_faces\fgnet\FGNET\images\036A08.JPG,2,14,7,False,False
036A11.JPG,H:\MS\sem3\age-estimation-git\data\cleaned_faces\fgnet\FGNET\images\036A11.JPG,2,14,7,False,False
036A13.JPG,H:\MS\sem3\age-estimation-git\data\cleaned_faces\fgnet\FGNET\images\036A13.JPG,2,13,6,False,False
036A15.JPG,H:\MS\sem3\age-estimation-git\data\cleaned_faces\fgnet\FGNET\images\036A15.JPG,3,14,7,False,False
036A17.JPG,H:\MS\sem3\age-estimation-git\data\cleaned_faces\fgnet\FGNET\images\036A17.JPG,3,14,7,False,False
036A18.JPG,H:\MS\sem3\age-estimation-git\data\cleaned_faces\fgnet\FGNET\images\036A18.JPG,3,16,8,False,False
036A19.JPG,H:\MS\sem3\age-estimation-git\data\cleaned_faces\fgnet\FGNET\images\036A19.JPG,4,16,8,False,False
036A20.JPG,H:\MS\sem3\age-estimation-git\data\cleaned_faces\fgnet\FGNET\images\036A20.JPG,4,16,8,False,False
037A00.JPG,H:\MS\sem3\age-estimation-git\data\cleaned_faces\fgnet\FGNET\images\037A00.JPG,0,14,7,False,False
037A01.JPG,H:\MS\sem3\age-estimation-git\data\cleaned_faces\fgnet\FGNET\images\037A01.JPG,0,14,7,False,False
037A02.JPG,H:\MS\sem3\age-estimation-git\data\cleaned_faces\fgnet\FGNET\images\037A02.JPG,0,14,7,False,False
037A04.JPG,H:\MS\sem3\age-estimation-git\data\cleaned_faces\fgnet\FGNET\images\037A04.JPG,1,14,7,False,False
037A06.JPG,H:\MS\sem3\age-estimation-git\data\cleaned_faces\fgnet\FGNET\images\037A06.JPG,2,14,7,False,False
037A08.JPG,H:\MS\sem3\age-estimation-git\data\cleaned_faces\fgnet\FGNET\images\037A08.JPG,2,14,7,False,False
037A09.JPG,H:\MS\sem3\age-estimation-git\data\cleaned_faces\fgnet\FGNET\images\037A09.JPG,2,16,8,False,False
037A11.JPG,H:\MS\sem3\age-estimation-git\data\cleaned_faces\fgnet\FGNET\images\037A11.JPG,2,7,3,False,True
037A13.JPG,H:\MS\sem3\age-estimation-git\data\cleaned_faces\fgnet\FGNET\images\037A13.JPG,2,2,1,False,True
037A17.JPG,H:\MS\sem3\age-estimation-git\data\cleaned_faces\fgnet\FGNET\images\037A17.JPG,3,4,2,False,True
037A18.JPG,H:\MS\sem3\age-estimation-git\data\cleaned_faces\fgnet\FGNET\images\037A18.JPG,3,14,7,False,False
037A19.JPG,H:\MS\sem3\age-estimation-git\data\cleaned_faces\fgnet\FGNET\images\037A19.JPG,4,5,2,False,False
038A00.JPG,H:\MS\sem3\age-estimation-git\data\cleaned_faces\fgnet\FGNET\images\038A00.JPG,0,9,4,False,False
038A01.JPG,H:\MS\sem3\age-estimation-git\data\cleaned_faces\fgnet\FGNET\images\038A01.JPG,0,9,4,False,False
038A03.JPG,H:\MS\sem3\age-estimation-git\data\cleaned_faces\fgnet\FGNET\images\038A03.JPG,1,9,4,False,False
038A04.JPG,H:\MS\sem3\age-estimation-git\data\cleaned_faces\fgnet\FGNET\images\038A04.JPG,1,14,7,False,False
038A05.JPG,H:\MS\sem3\age-estimation-git\data\cleaned_faces\fgnet\FGNET\images\038A05.JPG,1,2,1,True,True
038A08.JPG,H:\MS\sem3\age-estimation-git\data\cleaned_faces\fgnet\FGNET\images\038A08.JPG,2,4,2,True,True
038A10.JPG,H:\MS\sem3\age-estimation-git\data\cleaned_faces\fgnet\FGNET\images\038A10.JPG,2,4,2,True,True
038A11.JPG,H:\MS\sem3\age-estimation-git\data\cleaned_faces\fgnet\FGNET\images\038A11.JPG,2,2,1,False,True
038A13.JPG,H:\MS\sem3\age-estimation-git\data\cleaned_faces\fgnet\FGNET\images\038A13.JPG,2,7,3,False,True
038A14.JPG,H:\MS\sem3\age-estimation-git\data\cleaned_faces\fgnet\FGNET\images\038A14.JPG,3,8,4,False,True
038A17.JPG,H:\MS\sem3\age-estimation-git\data\cleaned_faces\fgnet\FGNET\images\038A17.JPG,3,5,2,False,True
038A21.JPG,H:\MS\sem3\age-estimation-git\data\cleaned_faces\fgnet\FGNET\images\038A21.JPG,4,7,3,False,True
038A23.JPG,H:\MS\sem3\age-estimation-git\data\cleaned_faces\fgnet\FGNET\images\038A23.JPG,4,7,3,False,True
038A34.JPG,H:\MS\sem3\age-estimation-git\data\cleaned_faces\fgnet\FGNET\images\038A34.JPG,6,2,1,False,False
039A02.JPG,H:\MS\sem3\age-estimation-git\data\cleaned_faces\fgnet\FGNET\images\039A02.JPG,0,14,7,False,False
039A05.JPG,H:\MS\sem3\age-estimation-git\data\cleaned_faces\fgnet\FGNET\images\039A05.JPG,1,9,4,False,False
039A07.JPG,H:\MS\sem3\age-estimation-git\data\cleaned_faces\fgnet\FGNET\images\039A07.JPG,2,3,1,False,True
039A10.JPG,H:\MS\sem3\age-estimation-git\data\cleaned_faces\fgnet\FGNET\images\039A10.JPG,2,9,4,False,False
039A11.JPG,H:\MS\sem3\age-estimation-git\data\cleaned_faces\fgnet\FGNET\images\039A11.JPG,2,6,3,False,True
039A13.JPG,H:\MS\sem3\age-estimation-git\data\cleaned_faces\fgnet\FGNET\images\039A13.JPG,2,9,4,False,False
039A15.JPG,H:\MS\sem3\age-estimation-git\data\cleaned_faces\fgnet\FGNET\images\039A15.JPG,3,2,1,False,False
039A16.JPG,H:\MS\sem3\age-estimation-git\data\cleaned_faces\fgnet\FGNET\images\039A16.JPG,3,9,4,False,True
039A17.JPG,H:\MS\sem3\age-estimation-git\data\cleaned_faces\fgnet\FGNET\images\039A17.JPG,3,14,7,False,False
039A19.JPG,H:\MS\sem3\age-estimation-git\data\cleaned_faces\fgnet\FGNET\images\039A19.JPG,4,7,3,False,True
039A35.JPG,H:\MS\sem3\age-estimation-git\data\cleaned_faces\fgnet\FGNET\images\039A35.JPG,6,17,8,False,False
039A45.JPG,H:\MS\sem3\age-estimation-git\data\cleaned_faces\fgnet\FGNET\images\039A45.JPG,6,9,4,False,False
039A50.JPG,H:\MS\sem3\age-estimation-git\data\cleaned_faces\fgnet\FGNET\images\039A50.JPG,7,6,3,False,False
039A52.JPG,H:\MS\sem3\age-estimation-git\data\cleaned_faces\fgnet\FGNET\images\039A52.JPG,7,8,4,False,False
040A00.JPG,H:\MS\sem3\age-estimation-git\data\cleaned_faces\fgnet\FGNET\images\040A00.JPG,0,6,3,False,False
040A02.JPG,H:\MS\sem3\age-estimation-git\data\cleaned_faces\fgnet\FGNET\images\040A02.JPG,0,15,7,False,False
040A03a.JPG,H:\MS\sem3\age-estimation-git\data\cleaned_faces\fgnet\FGNET\images\040A03a.JPG,1,14,7,False,False
040A03b.JPG,H:\MS\sem3\age-estimation-git\data\cleaned_faces\fgnet\FGNET\images\040A03b.JPG,1,14,7,False,False
040A05.JPG,H:\MS\sem3\age-estimation-git\data\cleaned_faces\fgnet\FGNET\images\040A05.JPG,1,4,2,False,True
040A06.JPG,H:\MS\sem3\age-estimation-git\data\cleaned_faces\fgnet\FGNET\images\040A06.JPG,2,14,7,False,False
040A07.JPG,H:\MS\sem3\age-estimation-git\data\cleaned_faces\fgnet\FGNET\images\040A07.JPG,2,2,1,False,True
040A09.JPG,H:\MS\sem3\age-estimation-git\data\cleaned_faces\fgnet\FGNET\images\040A09.JPG,2,4,2,True,True
040A10.JPG,H:\MS\sem3\age-estimation-git\data\cleaned_faces\fgnet\FGNET\images\040A10.JPG,2,4,2,True,True
040A12.JPG,H:\MS\sem3\age-estimation-git\data\cleaned_faces\fgnet\FGNET\images\040A12.JPG,2,5,2,True,True
040A14.JPG,H:\MS\sem3\age-estimation-git\data\cleaned_faces\fgnet\FGNET\images\040A14.JPG,3,5,2,False,True
040A16.JPG,H:\MS\sem3\age-estimation-git\data\cleaned_faces\fgnet\FGNET\images\040A16.JPG,3,3,1,False,False
040A19.JPG,H:\MS\sem3\age-estimation-git\data\cleaned_faces\fgnet\FGNET\images\040A19.JPG,4,7,3,False,True
040A21.JPG,H:\MS\sem3\age-estimation-git\data\cleaned_faces\fgnet\FGNET\images\040A21.JPG,4,6,3,False,True
041A00.JPG,H:\MS\sem3\age-estimation-git\data\cleaned_faces\fgnet\FGNET\images\041A00.JPG,0,15,7,False,False
041A02.JPG,H:\MS\sem3\age-estimation-git\data\cleaned_faces\fgnet\FGNET\images\041A02.JPG,0,17,8,False,False
041A04.JPG,H:\MS\sem3\age-estimation-git\data\cleaned_faces\fgnet\FGNET\images\041A04.JPG,1,14,7,False,False
041A06.JPG,H:\MS\sem3\age-estimation-git\data\cleaned_faces\fgnet\FGNET\images\041A06.JPG,2,14,7,False,False
041A09.JPG,H:\MS\sem3\age-estimation-git\data\cleaned_faces\fgnet\FGNET\images\041A09.JPG,2,14,7,False,False
041A13.JPG,H:\MS\sem3\age-estimation-git\data\cleaned_faces\fgnet\FGNET\images\041A13.JPG,2,2,1,False,True
041A19.JPG,H:\MS\sem3\age-estimation-git\data\cleaned_faces\fgnet\FGNET\images\041A19.JPG,4,14,7,False,False
041A20.JPG,H:\MS\sem3\age-estimation-git\data\cleaned_faces\fgnet\FGNET\images\041A20.JPG,4,16,8,False,False
041A21.JPG,H:\MS\sem3\age-estimation-git\data\cleaned_faces\fgnet\FGNET\images\041A21.JPG,4,16,8,False,False
041A24.JPG,H:\MS\sem3\age-estimation-git\data\cleaned_faces\fgnet\FGNET\images\041A24.JPG,4,4,2,False,False
042A00.JPG,H:\MS\sem3\age-estimation-git\data\cleaned_faces\fgnet\FGNET\images\042A00.JPG,0,2,1,False,True
042A01.JPG,H:\MS\sem3\age-estimation-git\data\cleaned_faces\fgnet\FGNET\images\042A01.JPG,0,3,1,False,True
042A04.JPG,H:\MS\sem3\age-estimation-git\data\cleaned_faces\fgnet\FGNET\images\042A04.JPG,1,9,4,False,False
042A05.JPG,H:\MS\sem3\age-estimation-git\data\cleaned_faces\fgnet\FGNET\images\042A05.JPG,1,14,7,False,False
042A06.JPG,H:\MS\sem3\age-estimation-git\data\cleaned_faces\fgnet\FGNET\images\042A06.JPG,2,5,2,True,True
042A08.JPG,H:\MS\sem3\age-estimation-git\data\cleaned_faces\fgnet\FGNET\images\042A08.JPG,2,14,7,False,False
042A10.JPG,H:\MS\sem3\age-estimation-git\data\cleaned_faces\fgnet\FGNET\images\042A10.JPG,2,14,7,False,False
042A12.JPG,H:\MS\sem3\age-estimation-git\data\cleaned_faces\fgnet\FGNET\images\042A12.JPG,2,14,7,False,False
042A14.JPG,H:\MS\sem3\age-estimation-git\data\cleaned_faces\fgnet\FGNET\images\042A14.JPG,3,6,3,True,True
042A18.JPG,H:\MS\sem3\age-estimation-git\data\cleaned_faces\fgnet\FGNET\images\042A18.JPG,3,5,2,False,True
042A20.JPG,H:\MS\sem3\age-estimation-git\data\cleaned_faces\fgnet\FGNET\images\042A20.JPG,4,2,1,False,False
042A24.JPG,H:\MS\sem3\age-estimation-git\data\cleaned_faces\fgnet\FGNET\images\042A24.JPG,4,16,8,False,False
042A28.JPG,H:\MS\sem3\age-estimation-git\data\cleaned_faces\fgnet\FGNET\images\042A28.JPG,5,16,8,False,False
043A00.JPG,H:\MS\sem3\age-estimation-git\data\cleaned_faces\fgnet\FGNET\images\043A00.JPG,0,14,7,False,False
043A03.JPG,H:\MS\sem3\age-estimation-git\data\cleaned_faces\fgnet\FGNET\images\043A03.JPG,1,14,7,False,False
043A04.JPG,H:\MS\sem3\age-estimation-git\data\cleaned_faces\fgnet\FGNET\images\043A04.JPG,1,9,4,False,False
043A05.JPG,H:\MS\sem3\age-estimation-git\data\cleaned_faces\fgnet\FGNET\images\043A05.JPG,1,5,2,False,True
043A10.JPG,H:\MS\sem3\age-estimation-git\data\cleaned_faces\fgnet\FGNET\images\043A10.JPG,2,5,2,True,True
043A13.JPG,H:\MS\sem3\age-estimation-git\data\cleaned_faces\fgnet\FGNET\images\043A13.JPG,2,6,3,False,True
043A15.JPG,H:\MS\sem3\age-estimation-git\data\cleaned_faces\fgnet\FGNET\images\043A15.JPG,3,5,2,False,True
043A17.JPG,H:\MS\sem3\age-estimation-git\data\cleaned_faces\fgnet\FGNET\images\043A17.JPG,3,17,8,False,False
043A19.JPG,H:\MS\sem3\age-estimation-git\data\cleaned_faces\fgnet\FGNET\images\043A19.JPG,4,2,1,False,False
043A23.JPG,H:\MS\sem3\age-estimation-git\data\cleaned_faces\fgnet\FGNET\images\043A23.JPG,4,16,8,False,False
043A27.JPG,H:\MS\sem3\age-estimation-git\data\cleaned_faces\fgnet\FGNET\images\043A27.JPG,5,3,1,False,False
044A01.JPG,H:\MS\sem3\age-estimation-git\data\cleaned_faces\fgnet\FGNET\images\044A01.JPG,0,3,1,False,True
044A03.JPG,H:\MS\sem3\age-estimation-git\data\cleaned_faces\fgnet\FGNET\images\044A03.JPG,1,17,8,False,False
044A05.JPG,H:\MS\sem3\age-estimation-git\data\cleaned_faces\fgnet\FGNET\images\044A05.JPG,1,15,7,False,False
044A07.JPG,H:\MS\sem3\age-estimation-git\data\cleaned_faces\fgnet\FGNET\images\044A07.JPG,2,2,1,False,True
044A13.JPG,H:\MS\sem3\age-estimation-git\data\cleaned_faces\fgnet\FGNET\images\044A13.JPG,2,15,7,False,False
044A15.JPG,H:\MS\sem3\age-estimation-git\data\cleaned_faces\fgnet\FGNET\images\044A15.JPG,3,5,2,False,True
044A17.JPG,H:\MS\sem3\age-estimation-git\data\cleaned_faces\fgnet\FGNET\images\044A17.JPG,3,17,8,False,False
044A18.JPG,H:\MS\sem3\age-estimation-git\data\cleaned_faces\fgnet\FGNET\images\044A18.JPG,3,14,7,False,False
044A21.JPG,H:\MS\sem3\age-estimation-git\data\cleaned_faces\fgnet\FGNET\images\044A21.JPG,4,16,8,False,False
044A25.JPG,H:\MS\sem3\age-estimation-git\data\cleaned_faces\fgnet\FGNET\images\044A25.JPG,5,4,2,False,False
045A03.JPG,H:\MS\sem3\age-estimation-git\data\cleaned_faces\fgnet\FGNET\images\045A03.JPG,1,9,4,False,False
045A06.JPG,H:\MS\sem3\age-estimation-git\data\cleaned_faces\fgnet\FGNET\images\045A06.JPG,2,2,1,False,True
045A08.JPG,H:\MS\sem3\age-estimation-git\data\cleaned_faces\fgnet\FGNET\images\045A08.JPG,2,2,1,False,True
045A12.JPG,H:\MS\sem3\age-estimation-git\data\cleaned_faces\fgnet\FGNET\images\045A12.JPG,2,7,3,False,True
045A17.JPG,H:\MS\sem3\age-estimation-git\data\cleaned_faces\fgnet\FGNET\images\045A17.JPG,3,2,1,False,False
045A18.JPG,H:\MS\sem3\age-estimation-git\data\cleaned_faces\fgnet\FGNET\images\045A18.JPG,3,16,8,False,False
045A19.JPG,H:\MS\sem3\age-estimation-git\data\cleaned_faces\fgnet\FGNET\images\045A19.JPG,4,4,2,False,False
045A25.JPG,H:\MS\sem3\age-estimation-git\data\cleaned_faces\fgnet\FGNET\images\045A25.JPG,5,16,8,False,False
045A28.JPG,H:\MS\sem3\age-estimation-git\data\cleaned_faces\fgnet\FGNET\images\045A28.JPG,5,4,2,False,False
045A32.JPG,H:\MS\sem3\age-estimation-git\data\cleaned_faces\fgnet\FGNET\images\045A32.JPG,5,2,1,False,False
045A40.JPG,H:\MS\sem3\age-estimation-git\data\cleaned_faces\fgnet\FGNET\images\045A40.JPG,6,7,3,False,False
045A43.JPG,H:\MS\sem3\age-estimation-git\data\cleaned_faces\fgnet\FGNET\images\045A43.JPG,6,4,2,False,False
045A48.JPG,H:\MS\sem3\age-estimation-git\data\cleaned_faces\fgnet\FGNET\images\045A48.JPG,6,9,4,False,False
046A00.JPG,H:\MS\sem3\age-estimation-git\data\cleaned_faces\fgnet\FGNET\images\046A00.JPG,0,17,8,False,False
046A01.JPG,H:\MS\sem3\age-estimation-git\data\cleaned_faces\fgnet\FGNET\images\046A01.JPG,0,6,3,False,False
046A02.JPG,H:\MS\sem3\age-estimation-git\data\cleaned_faces\fgnet\FGNET\images\046A02.JPG,0,14,7,False,False
046A04.JPG,H:\MS\sem3\age-estimation-git\data\cleaned_faces\fgnet\FGNET\images\046A04.JPG,1,14,7,False,False
046A06.JPG,H:\MS\sem3\age-estimation-git\data\cleaned_faces\fgnet\FGNET\images\046A06.JPG,2,9,4,False,False
046A08.JPG,H:\MS\sem3\age-estimation-git\data\cleaned_faces\fgnet\FGNET\images\046A08.JPG,2,2,1,False,True
046A10.JPG,H:\MS\sem3\age-estimation-git\data\cleaned_faces\fgnet\FGNET\images\046A10.JPG,2,14,7,False,False
046A12.JPG,H:\MS\sem3\age-estimation-git\data\cleaned_faces\fgnet\FGNET\images\046A12.JPG,2,14,7,False,False
046A14.JPG,H:\MS\sem3\age-estimation-git\data\cleaned_faces\fgnet\FGNET\images\046A14.JPG,3,14,7,False,False
046A16.JPG,H:\MS\sem3\age-estimation-git\data\cleaned_faces\fgnet\FGNET\images\046A16.JPG,3,14,7,False,False
046A17.JPG,H:\MS\sem3\age-estimation-git\data\cleaned_faces\fgnet\FGNET\images\046A17.JPG,3,14,7,False,False
046A18.JPG,H:\MS\sem3\age-estimation-git\data\cleaned_faces\fgnet\FGNET\images\046A18.JPG,3,16,8,False,False
046A20.JPG,H:\MS\sem3\age-estimation-git\data\cleaned_faces\fgnet\FGNET\images\046A20.JPG,4,2,1,False,False
047A05.JPG,H:\MS\sem3\age-estimation-git\data\cleaned_faces\fgnet\FGNET\images\047A05.JPG,1,2,1,True,True
047A06.JPG,H:\MS\sem3\age-estimation-git\data\cleaned_faces\fgnet\FGNET\images\047A06.JPG,2,4,2,True,True
047A09.JPG,H:\MS\sem3\age-estimation-git\data\cleaned_faces\fgnet\FGNET\images\047A09.JPG,2,2,1,False,True
047A11.JPG,H:\MS\sem3\age-estimation-git\data\cleaned_faces\fgnet\FGNET\images\047A11.JPG,2,2,1,False,True
047A12.JPG,H:\MS\sem3\age-estimation-git\data\cleaned_faces\fgnet\FGNET\images\047A12.JPG,2,17,8,False,False
047A13.JPG,H:\MS\sem3\age-estimation-git\data\cleaned_faces\fgnet\FGNET\images\047A13.JPG,2,8,4,False,False
047A15.JPG,H:\MS\sem3\age-estimation-git\data\cleaned_faces\fgnet\FGNET\images\047A15.JPG,3,2,1,False,False
047A18.JPG,H:\MS\sem3\age-estimation-git\data\cleaned_faces\fgnet\FGNET\images\047A18.JPG,3,2,1,False,False
047A20.JPG,H:\MS\sem3\age-estimation-git\data\cleaned_faces\fgnet\FGNET\images\047A20.JPG,4,16,8,False,False
047A23.JPG,H:\MS\sem3\age-estimation-git\data\cleaned_faces\fgnet\FGNET\images\047A23.JPG,4,2,1,False,False
047A27.JPG,H:\MS\sem3\age-estimation-git\data\cleaned_faces\fgnet\FGNET\images\047A27.JPG,5,5,2,False,False
047A33.JPG,H:\MS\sem3\age-estimation-git\data\cleaned_faces\fgnet\FGNET\images\047A33.JPG,5,9,4,False,True
047A45.JPG,H:\MS\sem3\age-estimation-git\data\cleaned_faces\fgnet\FGNET\images\047A45.JPG,6,9,4,False,False
047A55.JPG,H:\MS\sem3\age-estimation-git\data\cleaned_faces\fgnet\FGNET\images\047A55.JPG,7,9,4,False,False
048A00.JPG,H:\MS\sem3\age-estimation-git\data\cleaned_faces\fgnet\FGNET\images\048A00.JPG,0,9,4,False,False
048A09.JPG,H:\MS\sem3\age-estimation-git\data\cleaned_faces\fgnet\FGNET\images\048A09.JPG,2,5,2,True,True
048A10.JPG,H:\MS\sem3\age-estimation-git\data\cleaned_faces\fgnet\FGNET\images\048A10.JPG,2,5,2,True,True
048A11.JPG,H:\MS\sem3\age-estimation-git\data\cleaned_faces\fgnet\FGNET\images\048A11.JPG,2,7,3,False,True
048A15.JPG,H:\MS\sem3\age-estimation-git\data\cleaned_faces\fgnet\FGNET\images\048A15.JPG,3,2,1,False,False
048A16.JPG,H:\MS\sem3\age-estimation-git\data\cleaned_faces\fgnet\FGNET\images\048A16.JPG,3,16,8,False,False
048A17.JPG,H:\MS\sem3\age-estimation-git\data\cleaned_faces\fgnet\FGNET\images\048A17.JPG,3,2,1,False,False
048A18.JPG,H:\MS\sem3\age-estimation-git\data\cleaned_faces\fgnet\FGNET\images\048A18.JPG,3,2,1,False,False
048A27.JPG,H:\MS\sem3\age-estimation-git\data\cleaned_faces\fgnet\FGNET\images\048A27.JPG,5,6,3,False,False
048A30.JPG,H:\MS\sem3\age-estimation-git\data\cleaned_faces\fgnet\FGNET\images\048A30.JPG,5,4,2,False,False
048A33.JPG,H:\MS\sem3\age-estimation-git\data\cleaned_faces\fgnet\FGNET\images\048A33.JPG,5,2,1,False,False
048A46.JPG,H:\MS\sem3\age-estimation-git\data\cleaned_faces\fgnet\FGNET\images\048A46.JPG,6,2,1,False,False
048A49.JPG,H:\MS\sem3\age-estimation-git\data\cleaned_faces\fgnet\FGNET\images\048A49.JPG,7,4,2,False,False
048A50.JPG,H:\MS\sem3\age-estimation-git\data\cleaned_faces\fgnet\FGNET\images\048A50.JPG,7,4,2,False,False
048A52.JPG,H:\MS\sem3\age-estimation-git\data\cleaned_faces\fgnet\FGNET\images\048A52.JPG,7,4,2,False,False
048A54.JPG,H:\MS\sem3\age-estimation-git\data\cleaned_faces\fgnet\FGNET\images\048A54.JPG,7,6,3,False,False
049A04.JPG,H:\MS\sem3\age-estimation-git\data\cleaned_faces\fgnet\FGNET\images\049A04.JPG,1,14,7,False,False
049A05.JPG,H:\MS\sem3\age-estimation-git\data\cleaned_faces\fgnet\FGNET\images\049A05.JPG,1,14,7,False,False
049A06.JPG,H:\MS\sem3\age-estimation-git\data\cleaned_faces\fgnet\FGNET\images\049A06.JPG,2,14,7,False,False
049A07.JPG,H:\MS\sem3\age-estimation-git\data\cleaned_faces\fgnet\FGNET\images\049A07.JPG,2,14,7,False,False
049A08.JPG,H:\MS\sem3\age-estimation-git\data\cleaned_faces\fgnet\FGNET\images\049A08.JPG,2,17,8,False,False
049A10.JPG,H:\MS\sem3\age-estimation-git\data\cleaned_faces\fgnet\FGNET\images\049A10.JPG,2,14,7,False,False
049A12.JPG,H:\MS\sem3\age-estimation-git\data\cleaned_faces\fgnet\FGNET\images\049A12.JPG,2,2,1,False,True
049A15.JPG,H:\MS\sem3\age-estimation-git\data\cleaned_faces\fgnet\FGNET\images\049A15.JPG,3,16,8,False,False
049A16.JPG,H:\MS\sem3\age-estimation-git\data\cleaned_faces\fgnet\FGNET\images\049A16.JPG,3,4,2,False,True
049A17.JPG,H:\MS\sem3\age-estimation-git\data\cleaned_faces\fgnet\FGNET\images\049A17.JPG,3,17,8,False,False
050A00.JPG,H:\MS\sem3\age-estimation-git\data\cleaned_faces\fgnet\FGNET\images\050A00.JPG,0,9,4,False,False
050A03.JPG,H:\MS\sem3\age-estimation-git\data\cleaned_faces\fgnet\FGNET\images\050A03.JPG,1,9,4,False,False
050A06.JPG,H:\MS\sem3\age-estimation-git\data\cleaned_faces\fgnet\FGNET\images\050A06.JPG,2,4,2,True,True
050A10.JPG,H:\MS\sem3\age-estimation-git\data\cleaned_faces\fgnet\FGNET\images\050A10.JPG,2,2,1,False,True
050A14.JPG,H:\MS\sem3\age-estimation-git\data\cleaned_faces\fgnet\FGNET\images\050A14.JPG,3,16,8,False,False
050A16.JPG,H:\MS\sem3\age-estimation-git\data\cleaned_faces\fgnet\FGNET\images\050A16.JPG,3,16,8,False,False
050A18.JPG,H:\MS\sem3\age-estimation-git\data\cleaned_faces\fgnet\FGNET\images\050A18.JPG,3,4,2,False,True
050A22.JPG,H:\MS\sem3\age-estimation-git\data\cleaned_faces\fgnet\FGNET\images\050A22.JPG,4,4,2,False,False
051A00.JPG,H:\MS\sem3\age-estimation-git\data\cleaned_faces\fgnet\FGNET\images\051A00.JPG,0,14,7,False,False
051A02.JPG,H:\MS\sem3\age-estimation-git\data\cleaned_faces\fgnet\FGNET\images\051A02.JPG,0,5,2,False,False
051A05.JPG,H:\MS\sem3\age-estimation-git\data\cleaned_faces\fgnet\FGNET\images\051A05.JPG,1,14,7,False,False
051A08.JPG,H:\MS\sem3\age-estimation-git\data\cleaned_faces\fgnet\FGNET\images\051A08.JPG,2,2,1,False,True
051A12.JPG,H:\MS\sem3\age-estimation-git\data\cleaned_faces\fgnet\FGNET\images\051A12.JPG,2,4,2,True,True
051A14.JPG,H:\MS\sem3\age-estimation-git\data\cleaned_faces\fgnet\FGNET\images\051A14.JPG,3,2,1,False,False
051A15.JPG,H:\MS\sem3\age-estimation-git\data\cleaned_faces\fgnet\FGNET\images\051A15.JPG,3,16,8,False,False
051A16.JPG,H:\MS\sem3\age-estimation-git\data\cleaned_faces\fgnet\FGNET\images\051A16.JPG,3,2,1,False,False
051A17.JPG,H:\MS\sem3\age-estimation-git\data\cleaned_faces\fgnet\FGNET\images\051A17.JPG,3,15,7,False,False
051A18.JPG,H:\MS\sem3\age-estimation-git\data\cleaned_faces\fgnet\FGNET\images\051A18.JPG,3,16,8,False,False
051A24.JPG,H:\MS\sem3\age-estimation-git\data\cleaned_faces\fgnet\FGNET\images\051A24.JPG,4,4,2,False,False
052A02.JPG,H:\MS\sem3\age-estimation-git\data\cleaned_faces\fgnet\FGNET\images\052A02.JPG,0,4,2,False,False
052A04.JPG,H:\MS\sem3\age-estimation-git\data\cleaned_faces\fgnet\FGNET\images\052A04.JPG,1,17,8,False,False
052A07.JPG,H:\MS\sem3\age-estimation-git\data\cleaned_faces\fgnet\FGNET\images\052A07.JPG,2,16,8,False,False
052A10.JPG,H:\MS\sem3\age-estimation-git\data\cleaned_faces\fgnet\FGNET\images\052A10.JPG,2,7,3,False,True
052A13.JPG,H:\MS\sem3\age-estimation-git\data\cleaned_faces\fgnet\FGNET\images\052A13.JPG,2,16,8,False,False
052A14.JPG,H:\MS\sem3\age-estimation-git\data\cleaned_faces\fgnet\FGNET\images\052A14.JPG,3,15,7,False,False
052A16.JPG,H:\MS\sem3\age-estimation-git\data\cleaned_faces\fgnet\FGNET\images\052A16.JPG,3,15,7,False,False
052A17.JPG,H:\MS\sem3\age-estimation-git\data\cleaned_faces\fgnet\FGNET\images\052A17.JPG,3,14,7,False,False
052A18.JPG,H:\MS\sem3\age-estimation-git\data\cleaned_faces\fgnet\FGNET\images\052A18.JPG,3,7,3,True,True
052A19.JPG,H:\MS\sem3\age-estimation-git\data\cleaned_faces\fgnet\FGNET\images\052A19.JPG,4,7,3,False,True
052A20.JPG,H:\MS\sem3\age-estimation-git\data\cleaned_faces\fgnet\FGNET\images\052A20.JPG,4,7,3,False,True
053A00.JPG,H:\MS\sem3\age-estimation-git\data\cleaned_faces\fgnet\FGNET\images\053A00.JPG,0,2,1,False,True
053A01.JPG,H:\MS\sem3\age-estimation-git\data\cleaned_faces\fgnet\FGNET\images\053A01.JPG,0,16,8,False,False
053A02.JPG,H:\MS\sem3\age-estimation-git\data\cleaned_faces\fgnet\FGNET\images\053A02.JPG,0,9,4,False,False
053A03.JPG,H:\MS\sem3\age-estimation-git\data\cleaned_faces\fgnet\FGNET\images\053A03.JPG,1,14,7,False,False
053A04.JPG,H:\MS\sem3\age-estimation-git\data\cleaned_faces\fgnet\FGNET\images\053A04.JPG,1,14,7,False,False
053A06.JPG,H:\MS\sem3\age-estimation-git\data\cleaned_faces\fgnet\FGNET\images\053A06.JPG,2,14,7,False,False
053A08.JPG,H:\MS\sem3\age-estimation-git\data\cleaned_faces\fgnet\FGNET\images\053A08.JPG,2,4,2,True,True
053A10.JPG,H:\MS\sem3\age-estimation-git\data\cleaned_faces\fgnet\FGNET\images\053A10.JPG,2,14,7,False,False
053A11.JPG,H:\MS\sem3\age-estimation-git\data\cleaned_faces\fgnet\FGNET\images\053A11.JPG,2,14,7,False,False
053A12.JPG,H:\MS\sem3\age-estimation-git\data\cleaned_faces\fgnet\FGNET\images\053A12.JPG,2,14,7,False,False
053A13.JPG,H:\MS\sem3\age-estimation-git\data\cleaned_faces\fgnet\FGNET\images\053A13.JPG,2,14,7,False,False
053A15.JPG,H:\MS\sem3\age-estimation-git\data\cleaned_faces\fgnet\FGNET\images\053A15.JPG,3,4,2,False,True
053A18.JPG,H:\MS\sem3\age-estimation-git\data\cleaned_faces\fgnet\FGNET\images\053A18.JPG,3,4,2,False,True
054A00.JPG,H:\MS\sem3\age-estimation-git\data\cleaned_faces\fgnet\FGNET\images\054A00.JPG,0,14,7,False,False
054A02.JPG,H:\MS\sem3\age-estimation-git\data\cleaned_faces\fgnet\FGNET\images\054A02.JPG,0,7,3,False,False
054A04.JPG,H:\MS\sem3\age-estimation-git\data\cleaned_faces\fgnet\FGNET\images\054A04.JPG,1,7,3,False,False
054A06.JPG,H:\MS\sem3\age-estimation-git\data\cleaned_faces\fgnet\FGNET\images\054A06.JPG,2,15,7,False,False
054A09.JPG,H:\MS\sem3\age-estimation-git\data\cleaned_faces\fgnet\FGNET\images\054A09.JPG,2,17,8,False,False
054A10.JPG,H:\MS\sem3\age-estimation-git\data\cleaned_faces\fgnet\FGNET\images\054A10.JPG,2,17,8,False,False
054A11.JPG,H:\MS\sem3\age-estimation-git\data\cleaned_faces\fgnet\FGNET\images\054A11.JPG,2,14,7,False,False
054A12.JPG,H:\MS\sem3\age-estimation-git\data\cleaned_faces\fgnet\FGNET\images\054A12.JPG,2,17,8,False,False
054A13.JPG,H:\MS\sem3\age-estimation-git\data\cleaned_faces\fgnet\FGNET\images\054A13.JPG,2,14,7,False,False
054A16.JPG,H:\MS\sem3\age-estimation-git\data\cleaned_faces\fgnet\FGNET\images\054A16.JPG,3,14,7,False,False
054A17.JPG,H:\MS\sem3\age-estimation-git\data\cleaned_faces\fgnet\FGNET\images\054A17.JPG,3,3,1,False,False
054A18.JPG,H:\MS\sem3\age-estimation-git\data\cleaned_faces\fgnet\FGNET\images\054A18.JPG,3,16,8,False,False
054A19.JPG,H:\MS\sem3\age-estimation-git\data\cleaned_faces\fgnet\FGNET\images\054A19.JPG,4,17,8,False,False
055A04.JPG,H:\MS\sem3\age-estimation-git\data\cleaned_faces\fgnet\FGNET\images\055A04.JPG,1,9,4,False,False
055A05.JPG,H:\MS\sem3\age-estimation-git\data\cleaned_faces\fgnet\FGNET\images\055A05.JPG,1,5,2,False,True
055A06.JPG,H:\MS\sem3\age-estimation-git\data\cleaned_faces\fgnet\FGNET\images\055A06.JPG,2,2,1,False,True
055A08.JPG,H:\MS\sem3\age-estimation-git\data\cleaned_faces\fgnet\FGNET\images\055A08.JPG,2,17,8,False,False
055A12.JPG,H:\MS\sem3\age-estimation-git\data\cleaned_faces\fgnet\FGNET\images\055A12.JPG,2,6,3,False,True
055A14.JPG,H:\MS\sem3\age-estimation-git\data\cleaned_faces\fgnet\FGNET\images\055A14.JPG,3,6,3,True,True
055A22.JPG,H:\MS\sem3\age-estimation-git\data\cleaned_faces\fgnet\FGNET\images\055A22.JPG,4,16,8,False,False
055A23.JPG,H:\MS\sem3\age-estimation-git\data\cleaned_faces\fgnet\FGNET\images\055A23.JPG,4,16,8,False,False
056A01.JPG,H:\MS\sem3\age-estimation-git\data\cleaned_faces\fgnet\FGNET\images\056A01.JPG,0,2,1,False,True
056A02.JPG,H:\MS\sem3\age-estimation-git\data\cleaned_faces\fgnet\FGNET\images\056A02.JPG,0,8,4,False,False
056A03.JPG,H:\MS\sem3\age-estimation-git\data\cleaned_faces\fgnet\FGNET\images\056A03.JPG,1,14,7,False,False
056A04.JPG,H:\MS\sem3\age-estimation-git\data\cleaned_faces\fgnet\FGNET\images\056A04.JPG,1,14,7,False,False
056A06.JPG,H:\MS\sem3\age-estimation-git\data\cleaned_faces\fgnet\FGNET\images\056A06.JPG,2,16,8,False,False
056A10.JPG,H:\MS\sem3\age-estimation-git\data\cleaned_faces\fgnet\FGNET\images\056A10.JPG,2,4,2,True,True
056A12.JPG,H:\MS\sem3\age-estimation-git\data\cleaned_faces\fgnet\FGNET\images\056A12.JPG,2,4,2,True,True
056A15.JPG,H:\MS\sem3\age-estimation-git\data\cleaned_faces\fgnet\FGNET\images\056A15.JPG,3,5,2,False,True
057A00.JPG,H:\MS\sem3\age-estimation-git\data\cleaned_faces\fgnet\FGNET\images\057A00.JPG,0,9,4,False,False
057A05.JPG,H:\MS\sem3\age-estimation-git\data\cleaned_faces\fgnet\FGNET\images\057A05.JPG,1,2,1,True,True
057A06.JPG,H:\MS\sem3\age-estimation-git\data\cleaned_faces\fgnet\FGNET\images\057A06.JPG,2,14,7,False,False
057A07.JPG,H:\MS\sem3\age-estimation-git\data\cleaned_faces\fgnet\FGNET\images\057A07.JPG,2,14,7,False,False
057A12.JPG,H:\MS\sem3\age-estimation-git\data\cleaned_faces\fgnet\FGNET\images\057A12.JPG,2,14,7,False,False
057A16.JPG,H:\MS\sem3\age-estimation-git\data\cleaned_faces\fgnet\FGNET\images\057A16.JPG,3,4,2,False,True
057A17.JPG,H:\MS\sem3\age-estimation-git\data\cleaned_faces\fgnet\FGNET\images\057A17.JPG,3,2,1,False,False
057A18.JPG,H:\MS\sem3\age-estimation-git\data\cleaned_faces\fgnet\FGNET\images\057A18.JPG,3,16,8,False,False
057A23.JPG,H:\MS\sem3\age-estimation-git\data\cleaned_faces\fgnet\FGNET\images\057A23.JPG,4,14,7,False,False
057A25.JPG,H:\MS\sem3\age-estimation-git\data\cleaned_faces\fgnet\FGNET\images\057A25.JPG,5,4,2,False,False
058A00.JPG,H:\MS\sem3\age-estimation-git\data\cleaned_faces\fgnet\FGNET\images\058A00.JPG,0,14,7,False,False
058A01.JPG,H:\MS\sem3\age-estimation-git\data\cleaned_faces\fgnet\FGNET\images\058A01.JPG,0,6,3,False,False
058A02.JPG,H:\MS\sem3\age-estimation-git\data\cleaned_faces\fgnet\FGNET\images\058A02.JPG,0,17,8,False,False
058A03.JPG,H:\MS\sem3\age-estimation-git\data\cleaned_faces\fgnet\FGNET\images\058A03.JPG,1,14,7,False,False
058A04.JPG,H:\MS\sem3\age-estimation-git\data\cleaned_faces\fgnet\FGNET\images\058A04.JPG,1,9,4,False,False
058A05.JPG,H:\MS\sem3\age-estimation-git\data\cleaned_faces\fgnet\FGNET\images\058A05.JPG,1,15,7,False,False
058A06.JPG,H:\MS\sem3\age-estimation-git\data\cleaned_faces\fgnet\FGNET\images\058A06.JPG,2,15,7,False,False
058A10.JPG,H:\MS\sem3\age-estimation-git\data\cleaned_faces\fgnet\FGNET\images\058A10.JPG,2,14,7,False,False
058A13.JPG,H:\MS\sem3\age-estimation-git\data\cleaned_faces\fgnet\FGNET\images\058A13.JPG,2,17,8,False,False
058A15.JPG,H:\MS\sem3\age-estimation-git\data\cleaned_faces\fgnet\FGNET\images\058A15.JPG,3,2,1,False,False
058A17.JPG,H:\MS\sem3\age-estimation-git\data\cleaned_faces\fgnet\FGNET\images\058A17.JPG,3,16,8,False,False
059A02a.JPG,H:\MS\sem3\age-estimation-git\data\cleaned_faces\fgnet\FGNET\images\059A02a.JPG,0,15,7,False,False
059A02b.JPG,H:\MS\sem3\age-estimation-git\data\cleaned_faces\fgnet\FGNET\images\059A02b.JPG,0,2,1,False,True
059A03.JPG,H:\MS\sem3\age-estimation-git\data\cleaned_faces\fgnet\FGNET\images\059A03.JPG,1,14,7,False,False
059A04.JPG,H:\MS\sem3\age-estimation-git\data\cleaned_faces\fgnet\FGNET\images\059A04.JPG,1,14,7,False,False
059A06.JPG,H:\MS\sem3\age-estimation-git\data\cleaned_faces\fgnet\FGNET\images\059A06.JPG,2,14,7,False,False
059A07.JPG,H:\MS\sem3\age-estimation-git\data\cleaned_faces\fgnet\FGNET\images\059A07.JPG,2,5,2,True,True
059A12.JPG,H:\MS\sem3\age-estimation-git\data\cleaned_faces\fgnet\FGNET\images\059A12.JPG,2,16,8,False,False
059A14.JPG,H:\MS\sem3\age-estimation-git\data\cleaned_faces\fgnet\FGNET\images\059A14.JPG,3,16,8,False,False
059A16.JPG,H:\MS\sem3\age-estimation-git\data\cleaned_faces\fgnet\FGNET\images\059A16.JPG,3,16,8,False,False
060A02.JPG,H:\MS\sem3\age-estimation-git\data\cleaned_faces\fgnet\FGNET\images\060A02.JPG,0,9,4,False,False
060A04.JPG,H:\MS\sem3\age-estimation-git\data\cleaned_faces\fgnet\FGNET\images\060A04.JPG,1,2,1,True,True
060A05.JPG,H:\MS\sem3\age-estimation-git\data\cleaned_faces\fgnet\FGNET\images\060A05.JPG,1,2,1,True,True
060A06.JPG,H:\MS\sem3\age-estimation-git\data\cleaned_faces\fgnet\FGNET\images\060A06.JPG,2,2,1,False,True
060A07.JPG,H:\MS\sem3\age-estimation-git\data\cleaned_faces\fgnet\FGNET\images\060A07.JPG,2,4,2,True,True
060A08.JPG,H:\MS\sem3\age-estimation-git\data\cleaned_faces\fgnet\FGNET\images\060A08.JPG,2,3,1,False,True
060A10.JPG,H:\MS\sem3\age-estimation-git\data\cleaned_faces\fgnet\FGNET\images\060A10.JPG,2,2,1,False,True
060A11.JPG,H:\MS\sem3\age-estimation-git\data\cleaned_faces\fgnet\FGNET\images\060A11.JPG,2,16,8,False,False
060A12.JPG,H:\MS\sem3\age-estimation-git\data\cleaned_faces\fgnet\FGNET\images\060A12.JPG,2,16,8,False,False
060A17.JPG,H:\MS\sem3\age-estimation-git\data\cleaned_faces\fgnet\FGNET\images\060A17.JPG,3,4,2,False,True
060A19.JPG,H:\MS\sem3\age-estimation-git\data\cleaned_faces\fgnet\FGNET\images\060A19.JPG,4,7,3,False,True
060A20.JPG,H:\MS\sem3\age-estimation-git\data\cleaned_faces\fgnet\FGNET\images\060A20.JPG,4,3,1,False,False
061A04.JPG,H:\MS\sem3\age-estimation-git\data\cleaned_faces\fgnet\FGNET\images\061A04.JPG,1,4,2,False,True
061A06.JPG,H:\MS\sem3\age-estimation-git\data\cleaned_faces\fgnet\FGNET\images\061A06.JPG,2,17,8,False,False
061A07.JPG,H:\MS\sem3\age-estimation-git\data\cleaned_faces\fgnet\FGNET\images\061A07.JPG,2,17,8,False,False
061A10.JPG,H:\MS\sem3\age-estimation-git\data\cleaned_faces\fgnet\FGNET\images\061A10.JPG,2,9,4,False,False
061A15.JPG,H:\MS\sem3\age-estimation-git\data\cleaned_faces\fgnet\FGNET\images\061A15.JPG,3,7,3,True,True
061A17.JPG,H:\MS\sem3\age-estimation-git\data\cleaned_faces\fgnet\FGNET\images\061A17.JPG,3,9,4,False,True
061A18.JPG,H:\MS\sem3\age-estimation-git\data\cleaned_faces\fgnet\FGNET\images\061A18.JPG,3,14,7,False,False
061A19.JPG,H:\MS\sem3\age-estimation-git\data\cleaned_faces\fgnet\FGNET\images\061A19.JPG,4,14,7,False,False
061A25.JPG,H:\MS\sem3\age-estimation-git\data\cleaned_faces\fgnet\FGNET\images\061A25.JPG,5,8,4,False,True
061A26.JPG,H:\MS\sem3\age-estimation-git\data\cleaned_faces\fgnet\FGNET\images\061A26.JPG,5,14,7,False,False
061A29.JPG,H:\MS\sem3\age-estimation-git\data\cleaned_faces\fgnet\FGNET\images\061A29.JPG,5,17,8,False,False
061A30.JPG,H:\MS\sem3\age-estimation-git\data\cleaned_faces\fgnet\FGNET\images\061A30.JPG,5,17,8,False,False
061A32.JPG,H:\MS\sem3\age-estimation-git\data\cleaned_faces\fgnet\FGNET\images\061A32.JPG,5,17,8,False,False
062A03.JPG,H:\MS\sem3\age-estimation-git\data\cleaned_faces\fgnet\FGNET\images\062A03.JPG,1,2,1,True,True
062A15.JPG,H:\MS\sem3\age-estimation-git\data\cleaned_faces\fgnet\FGNET\images\062A15.JPG,3,17,8,False,False
062A16.JPG,H:\MS\sem3\age-estimation-git\data\cleaned_faces\fgnet\FGNET\images\062A16.JPG,3,3,1,False,False
062A18.JPG,H:\MS\sem3\age-estimation-git\data\cleaned_faces\fgnet\FGNET\images\062A18.JPG,3,16,8,False,False
062A30.JPG,H:\MS\sem3\age-estimation-git\data\cleaned_faces\fgnet\FGNET\images\062A30.JPG,5,9,4,False,True
062A35.JPG,H:\MS\sem3\age-estimation-git\data\cleaned_faces\fgnet\FGNET\images\062A35.JPG,6,9,4,False,False
062A38.JPG,H:\MS\sem3\age-estimation-git\data\cleaned_faces\fgnet\FGNET\images\062A38.JPG,6,9,4,False,False
062A41.JPG,H:\MS\sem3\age-estimation-git\data\cleaned_faces\fgnet\FGNET\images\062A41.JPG,6,9,4,False,False
062A45.JPG,H:\MS\sem3\age-estimation-git\data\cleaned_faces\fgnet\FGNET\images\062A45.JPG,6,8,4,False,False
062A47.JPG,H:\MS\sem3\age-estimation-git\data\cleaned_faces\fgnet\FGNET\images\062A47.JPG,6,16,8,False,False
062A53.JPG,H:\MS\sem3\age-estimation-git\data\cleaned_faces\fgnet\FGNET\images\062A53.JPG,7,17,8,False,True
062A54.JPG,H:\MS\sem3\age-estimation-git\data\cleaned_faces\fgnet\FGNET\images\062A54.JPG,7,8,4,False,False
063A00.JPG,H:\MS\sem3\age-estimation-git\data\cleaned_faces\fgnet\FGNET\images\063A00.JPG,0,2,1,False,True
063A02.JPG,H:\MS\sem3\age-estimation-git\data\cleaned_faces\fgnet\FGNET\images\063A02.JPG,0,14,7,False,False
063A04.JPG,H:\MS\sem3\age-estimation-git\data\cleaned_faces\fgnet\FGNET\images\063A04.JPG,1,9,4,False,False
063A08.JPG,H:\MS\sem3\age-estimation-git\data\cleaned_faces\fgnet\FGNET\images\063A08.JPG,2,9,4,False,False
063A09.JPG,H:\MS\sem3\age-estimation-git\data\cleaned_faces\fgnet\FGNET\images\063A09.JPG,2,9,4,False,False
063A18.JPG,H:\MS\sem3\age-estimation-git\data\cleaned_faces\fgnet\FGNET\images\063A18.JPG,3,16,8,False,False
063A20.JPG,H:\MS\sem3\age-estimation-git\data\cleaned_faces\fgnet\FGNET\images\063A20.JPG,4,16,8,False,False
063A22.JPG,H:\MS\sem3\age-estimation-git\data\cleaned_faces\fgnet\FGNET\images\063A22.JPG,4,14,7,False,False
063A25.JPG,H:\MS\sem3\age-estimation-git\data\cleaned_faces\fgnet\FGNET\images\063A25.JPG,5,2,1,False,False
063A33.JPG,H:\MS\sem3\age-estimation-git\data\cleaned_faces\fgnet\FGNET\images\063A33.JPG,5,16,8,False,False
064A01.JPG,H:\MS\sem3\age-estimation-git\data\cleaned_faces\fgnet\FGNET\images\064A01.JPG,0,5,2,False,False
064A03.JPG,H:\MS\sem3\age-estimation-git\data\cleaned_faces\fgnet\FGNET\images\064A03.JPG,1,9,4,False,False
064A04.JPG,H:\MS\sem3\age-estimation-git\data\cleaned_faces\fgnet\FGNET\images\064A04.JPG,1,3,1,True,True
064A10.JPG,H:\MS\sem3\age-estimation-git\data\cleaned_faces\fgnet\FGNET\images\064A10.JPG,2,7,3,False,True
064A15.JPG,H:\MS\sem3\age-estimation-git\data\cleaned_faces\fgnet\FGNET\images\064A15.JPG,3,14,7,False,False
064A19.JPG,H:\MS\sem3\age-estimation-git\data\cleaned_faces\fgnet\FGNET\images\064A19.JPG,4,16,8,False,False
065A02a.JPG,H:\MS\sem3\age-estimation-git\data\cleaned_faces\fgnet\FGNET\images\065A02a.JPG,0,15,7,False,False
065A02b.JPG,H:\MS\sem3\age-estimation-git\data\cleaned_faces\fgnet\FGNET\images\065A02b.JPG,0,14,7,False,False
065A03a.JPG,H:\MS\sem3\age-estimation-git\data\cleaned_faces\fgnet\FGNET\images\065A03a.JPG,1,13,6,False,False
065A03b.JPG,H:\MS\sem3\age-estimation-git\data\cleaned_faces\fgnet\FGNET\images\065A03b.JPG,1,3,1,True,True
065A04.JPG,H:\MS\sem3\age-estimation-git\data\cleaned_faces\fgnet\FGNET\images\065A04.JPG,1,14,7,False,False
065A06a.JPG,H:\MS\sem3\age-estimation-git\data\cleaned_faces\fgnet\FGNET\images\065A06a.JPG,2,13,6,False,False
065A06b.JPG,H:\MS\sem3\age-estimation-git\data\cleaned_faces\fgnet\FGNET\images\065A06b.JPG,2,15,7,False,False
065A07a.JPG,H:\MS\sem3\age-estimation-git\data\cleaned_faces\fgnet\FGNET\images\065A07a.JPG,2,14,7,False,False
065A07b.JPG,H:\MS\sem3\age-estimation-git\data\cleaned_faces\fgnet\FGNET\images\065A07b.JPG,2,16,8,False,False
065A08.JPG,H:\MS\sem3\age-estimation-git\data\cleaned_faces\fgnet\FGNET\images\065A08.JPG,2,14,7,False,False
065A09.JPG,H:\MS\sem3\age-estimation-git\data\cleaned_faces\fgnet\FGNET\images\065A09.JPG,2,14,7,False,False
065A10.JPG,H:\MS\sem3\age-estimation-git\data\cleaned_faces\fgnet\FGNET\images\065A10.JPG,2,14,7,False,False
065A11.JPG,H:\MS\sem3\age-estimation-git\data\cleaned_faces\fgnet\FGNET\images\065A11.JPG,2,14,7,False,False
065A12.JPG,H:\MS\sem3\age-estimation-git\data\cleaned_faces\fgnet\FGNET\images\065A12.JPG,2,14,7,False,False
065A13.JPG,H:\MS\sem3\age-estimation-git\data\cleaned_faces\fgnet\FGNET\images\065A13.JPG,2,16,8,False,False
066A00.JPG,H:\MS\sem3\age-estimation-git\data\cleaned_faces\fgnet\FGNET\images\066A00.JPG,0,15,7,False,False
066A02a.JPG,H:\MS\sem3\age-estimation-git\data\cleaned_faces\fgnet\FGNET\images\066A02a.JPG,0,14,7,False,False
066A02b.JPG,H:\MS\sem3\age-estimation-git\data\cleaned_faces\fgnet\FGNET\images\066A02b.JPG,0,14,7,False,False
066A03.JPG,H:\MS\sem3\age-estimation-git\data\cleaned_faces\fgnet\FGNET\images\066A03.JPG,1,14,7,False,False
066A04.JPG,H:\MS\sem3\age-estimation-git\data\cleaned_faces\fgnet\FGNET\images\066A04.JPG,1,14,7,False,False
066A06a.JPG,H:\MS\sem3\age-estimation-git\data\cleaned_faces\fgnet\FGNET\images\066A06a.JPG,2,14,7,False,False
066A06b.JPG,H:\MS\sem3\age-estimation-git\data\cleaned_faces\fgnet\FGNET\images\066A06b.JPG,2,14,7,False,False
066A07.JPG,H:\MS\sem3\age-estimation-git\data\cleaned_faces\fgnet\FGNET\images\066A07.JPG,2,14,7,False,False
066A08.JPG,H:\MS\sem3\age-estimation-git\data\cleaned_faces\fgnet\FGNET\images\066A08.JPG,2,14,7,False,False
066A09.JPG,H:\MS\sem3\age-estimation-git\data\cleaned_faces\fgnet\FGNET\images\066A09.JPG,2,14,7,False,False
066A10.JPG,H:\MS\sem3\age-estimation-git\data\cleaned_faces\fgnet\FGNET\images\066A10.JPG,2,16,8,False,False
066A11.JPG,H:\MS\sem3\age-estimation-git\data\cleaned_faces\fgnet\FGNET\images\066A11.JPG,2,14,7,False,False
067A04.JPG,H:\MS\sem3\age-estimation-git\data\cleaned_faces\fgnet\FGNET\images\067A04.JPG,1,14,7,False,False
067A14.JPG,H:\MS\sem3\age-estimation-git\data\cleaned_faces\fgnet\FGNET\images\067A14.JPG,3,5,2,False,True
067A17.JPG,H:\MS\sem3\age-estimation-git\data\cleaned_faces\fgnet\FGNET\images\067A17.JPG,3,7,3,True,True
067A21.JPG,H:\MS\sem3\age-estimation-git\data\cleaned_faces\fgnet\FGNET\images\067A21.JPG,4,4,2,False,False
067A23.JPG,H:\MS\sem3\age-estimation-git\data\cleaned_faces\fgnet\FGNET\images\067A23.JPG,4,6,3,False,True
067A26.JPG,H:\MS\sem3\age-estimation-git\data\cleaned_faces\fgnet\FGNET\images\067A26.JPG,5,16,8,False,False
067A28.JPG,H:\MS\sem3\age-estimation-git\data\cleaned_faces\fgnet\FGNET\images\067A28.JPG,5,9,4,False,True
067A30.JPG,H:\MS\sem3\age-estimation-git\data\cleaned_faces\fgnet\FGNET\images\067A30.JPG,5,7,3,False,False
067A33.JPG,H:\MS\sem3\age-estimation-git\data\cleaned_faces\fgnet\FGNET\images\067A33.JPG,5,5,2,False,False
067A39.JPG,H:\MS\sem3\age-estimation-git\data\cleaned_faces\fgnet\FGNET\images\067A39.JPG,6,17,8,False,False
068A00.JPG,H:\MS\sem3\age-estimation-git\data\cleaned_faces\fgnet\FGNET\images\068A00.JPG,0,2,1,False,True
068A03.JPG,H:\MS\sem3\age-estimation-git\data\cleaned_faces\fgnet\FGNET\images\068A03.JPG,1,15,7,False,False
068A04.JPG,H:\MS\sem3\age-estimation-git\data\cleaned_faces\fgnet\FGNET\images\068A04.JPG,1,14,7,False,False
068A09.JPG,H:\MS\sem3\age-estimation-git\data\cleaned_faces\fgnet\FGNET\images\068A09.JPG,2,2,1,False,True
068A10a.JPG,H:\MS\sem3\age-estimation-git\data\cleaned_faces\fgnet\FGNET\images\068A10a.JPG,2,2,1,False,True
068A10b.JPG,H:\MS\sem3\age-estimation-git\data\cleaned_faces\fgnet\FGNET\images\068A10b.JPG,2,14,7,False,False
068A11.JPG,H:\MS\sem3\age-estimation-git\data\cleaned_faces\fgnet\FGNET\images\068A11.JPG,2,2,1,False,True
068A12.JPG,H:\MS\sem3\age-estimation-git\data\cleaned_faces\fgnet\FGNET\images\068A12.JPG,2,14,7,False,False
068A13.JPG,H:\MS\sem3\age-estimation-git\data\cleaned_faces\fgnet\FGNET\images\068A13.JPG,2,14,7,False,False
068A14.JPG,H:\MS\sem3\age-estimation-git\data\cleaned_faces\fgnet\FGNET\images\068A14.JPG,3,16,8,False,False
069A00.JPG,H:\MS\sem3\age-estimation-git\data\cleaned_faces\fgnet\FGNET\images\069A00.JPG,0,14,7,False,False
069A02.JPG,H:\MS\sem3\age-estimation-git\data\cleaned_faces\fgnet\FGNET\images\069A02.JPG,0,14,7,False,False
069A03.JPG,H:\MS\sem3\age-estimation-git\data\cleaned_faces\fgnet\FGNET\images\069A03.JPG,1,14,7,False,False
069A04.JPG,H:\MS\sem3\age-estimation-git\data\cleaned_faces\fgnet\FGNET\images\069A04.JPG,1,14,7,False,False
069A05.JPG,H:\MS\sem3\age-estimation-git\data\cleaned_faces\fgnet\FGNET\images\069A05.JPG,1,14,7,False,False
069A06.JPG,H:\MS\sem3\age-estimation-git\data\cleaned_faces\fgnet\FGNET\images\069A06.JPG,2,16,8,False,False
069A07.JPG,H:\MS\sem3\age-estimation-git\data\cleaned_faces\fgnet\FGNET\images\069A07.JPG,2,14,7,False,False
069A09.JPG,H:\MS\sem3\age-estimation-git\data\cleaned_faces\fgnet\FGNET\images\069A09.JPG,2,14,7,False,False
069A10.JPG,H:\MS\sem3\age-estimation-git\data\cleaned_faces\fgnet\FGNET\images\069A10.JPG,2,14,7,False,False
069A11.JPG,H:\MS\sem3\age-estimation-git\data\cleaned_faces\fgnet\FGNET\images\069A11.JPG,2,7,3,False,True
069A13.JPG,H:\MS\sem3\age-estimation-git\data\cleaned_faces\fgnet\FGNET\images\069A13.JPG,2,4,2,True,True
070A00.JPG,H:\MS\sem3\age-estimation-git\data\cleaned_faces\fgnet\FGNET\images\070A00.JPG,0,15,7,False,False
070A01.JPG,H:\MS\sem3\age-estimation-git\data\cleaned_faces\fgnet\FGNET\images\070A01.JPG,0,2,1,False,True
070A02.JPG,H:\MS\sem3\age-estimation-git\data\cleaned_faces\fgnet\FGNET\images\070A02.JPG,0,2,1,False,True
070A03.JPG,H:\MS\sem3\age-estimation-git\data\cleaned_faces\fgnet\FGNET\images\070A03.JPG,1,2,1,True,True
070A05.JPG,H:\MS\sem3\age-estimation-git\data\cleaned_faces\fgnet\FGNET\images\070A05.JPG,1,14,7,False,False
070A06.JPG,H:\MS\sem3\age-estimation-git\data\cleaned_faces\fgnet\FGNET\images\070A06.JPG,2,3,1,False,True
070A07.JPG,H:\MS\sem3\age-estimation-git\data\cleaned_faces\fgnet\FGNET\images\070A07.JPG,2,16,8,False,False
070A08.JPG,H:\MS\sem3\age-estimation-git\data\cleaned_faces\fgnet\FGNET\images\070A08.JPG,2,14,7,False,False
070A09.JPG,H:\MS\sem3\age-estimation-git\data\cleaned_faces\fgnet\FGNET\images\070A09.JPG,2,7,3,False,True
070A12.JPG,H:\MS\sem3\age-estimation-git\data\cleaned_faces\fgnet\FGNET\images\070A12.JPG,2,16,8,False,False
070A14.JPG,H:\MS\sem3\age-estimation-git\data\cleaned_faces\fgnet\FGNET\images\070A14.JPG,3,17,8,False,False
071A00.JPG,H:\MS\sem3\age-estimation-git\data\cleaned_faces\fgnet\FGNET\images\071A00.JPG,0,8,4,False,False
071A10.JPG,H:\MS\sem3\age-estimation-git\data\cleaned_faces\fgnet\FGNET\images\071A10.JPG,2,5,2,True,True
071A18.JPG,H:\MS\sem3\age-estimation-git\data\cleaned_faces\fgnet\FGNET\images\071A18.JPG,3,2,1,False,False
071A22.JPG,H:\MS\sem3\age-estimation-git\data\cleaned_faces\fgnet\FGNET\images\071A22.JPG,4,16,8,False,False
071A23.JPG,H:\MS\sem3\age-estimation-git\data\cleaned_faces\fgnet\FGNET\images\071A23.JPG,4,4,2,False,False
071A24.JPG,H:\MS\sem3\age-estimation-git\data\cleaned_faces\fgnet\FGNET\images\071A24.JPG,4,4,2,False,False
071A27.JPG,H:\MS\sem3\age-estimation-git\data\cleaned_faces\fgnet\FGNET\images\071A27.JPG,5,6,3,False,False
071A35.JPG,H:\MS\sem3\age-estimation-git\data\cleaned_faces\fgnet\FGNET\images\071A35.JPG,6,16,8,False,False
071A40.JPG,H:\MS\sem3\age-estimation-git\data\cleaned_faces\fgnet\FGNET\images\071A40.JPG,6,16,8,False,False
071A42.JPG,H:\MS\sem3\age-estimation-git\data\cleaned_faces\fgnet\FGNET\images\071A42.JPG,6,4,2,False,False
071A43.JPG,H:\MS\sem3\age-estimation-git\data\cleaned_faces\fgnet\FGNET\images\071A43.JPG,6,6,3,False,False
071A44.JPG,H:\MS\sem3\age-estimation-git\data\cleaned_faces\fgnet\FGNET\images\071A44.JPG,6,4,2,False,False
071A45.JPG,H:\MS\sem3\age-estimation-git\data\cleaned_faces\fgnet\FGNET\images\071A45.JPG,6,16,8,False,False
072A02.JPG,H:\MS\sem3\age-estimation-git\data\cleaned_faces\fgnet\FGNET\images\072A02.JPG,0,9,4,False,False
072A07.JPG,H:\MS\sem3\age-estimation-git\data\cleaned_faces\fgnet\FGNET\images\072A07.JPG,2,14,7,False,False
072A11.JPG,H:\MS\sem3\age-estimation-git\data\cleaned_faces\fgnet\FGNET\images\072A11.JPG,2,2,1,False,True
072A13.JPG,H:\MS\sem3\age-estimation-git\data\cleaned_faces\fgnet\FGNET\images\072A13.JPG,2,14,7,False,False
072A14.JPG,H:\MS\sem3\age-estimation-git\data\cleaned_faces\fgnet\FGNET\images\072A14.JPG,3,7,3,True,True
072A17.JPG,H:\MS\sem3\age-estimation-git\data\cleaned_faces\fgnet\FGNET\images\072A17.JPG,3,8,4,False,True
072A19.JPG,H:\MS\sem3\age-estimation-git\data\cleaned_faces\fgnet\FGNET\images\072A19.JPG,4,9,4,True,True
072A21.JPG,H:\MS\sem3\age-estimation-git\data\cleaned_faces\fgnet\FGNET\images\072A21.JPG,4,7,3,False,True
072A25.JPG,H:\MS\sem3\age-estimation-git\data\cleaned_faces\fgnet\FGNET\images\072A25.JPG,5,9,4,False,True
072A27.JPG,H:\MS\sem3\age-estimation-git\data\cleaned_faces\fgnet\FGNET\images\072A27.JPG,5,6,3,False,False
072A29.JPG,H:\MS\sem3\age-estimation-git\data\cleaned_faces\fgnet\FGNET\images\072A29.JPG,5,5,2,False,False
072A34.JPG,H:\MS\sem3\age-estimation-git\data\cleaned_faces\fgnet\FGNET\images\072A34.JPG,6,3,1,False,False
072A41.JPG,H:\MS\sem3\age-estimation-git\data\cleaned_faces\fgnet\FGNET\images\072A41.JPG,6,8,4,False,False
072A45.JPG,H:\MS\sem3\age-estimation-git\data\cleaned_faces\fgnet\FGNET\images\072A45.JPG,6,14,7,False,True
073A00.JPG,H:\MS\sem3\age-estimation-git\data\cleaned_faces\fgnet\FGNET\images\073A00.JPG,0,2,1,False,True
073A01.JPG,H:\MS\sem3\age-estimation-git\data\cleaned_faces\fgnet\FGNET\images\073A01.JPG,0,9,4,False,False
073A02.JPG,H:\MS\sem3\age-estimation-git\data\cleaned_faces\fgnet\FGNET\images\073A02.JPG,0,7,3,False,False
073A03.JPG,H:\MS\sem3\age-estimation-git\data\cleaned_faces\fgnet\FGNET\images\073A03.JPG,1,6,3,False,False
073A04.JPG,H:\MS\sem3\age-estimation-git\data\cleaned_faces\fgnet\FGNET\images\073A04.JPG,1,2,1,True,True
073A05.JPG,H:\MS\sem3\age-estimation-git\data\cleaned_faces\fgnet\FGNET\images\073A05.JPG,1,17,8,False,False
073A06.JPG,H:\MS\sem3\age-estimation-git\data\cleaned_faces\fgnet\FGNET\images\073A06.JPG,2,3,1,False,True
073A07.JPG,H:\MS\sem3\age-estimation-git\data\cleaned_faces\fgnet\FGNET\images\073A07.JPG,2,5,2,True,True
073A08.JPG,H:\MS\sem3\age-estimation-git\data\cleaned_faces\fgnet\FGNET\images\073A08.JPG,2,5,2,True,True
073A09.JPG,H:\MS\sem3\age-estimation-git\data\cleaned_faces\fgnet\FGNET\images\073A09.JPG,2,16,8,False,False
073A11.JPG,H:\MS\sem3\age-estimation-git\data\cleaned_faces\fgnet\FGNET\images\073A11.JPG,2,14,7,False,False
073A12.JPG,H:\MS\sem3\age-estimation-git\data\cleaned_faces\fgnet\FGNET\images\073A12.JPG,2,14,7,False,False
073A13.JPG,H:\MS\sem3\age-estimation-git\data\cleaned_faces\fgnet\FGNET\images\073A13.JPG,2,14,7,False,False
073A14.JPG,H:\MS\sem3\age-estimation-git\data\cleaned_faces\fgnet\FGNET\images\073A14.JPG,3,2,1,False,False
073A15.JPG,H:\MS\sem3\age-estimation-git\data\cleaned_faces\fgnet\FGNET\images\073A15.JPG,3,3,1,False,False
073A16.JPG,H:\MS\sem3\age-estimation-git\data\cleaned_faces\fgnet\FGNET\images\073A16.JPG,3,3,1,False,False
074A00.JPG,H:\MS\sem3\age-estimation-git\data\cleaned_faces\fgnet\FGNET\images\074A00.JPG,0,8,4,False,False
074A01.JPG,H:\MS\sem3\age-estimation-git\data\cleaned_faces\fgnet\FGNET\images\074A01.JPG,0,4,2,False,False
074A02.JPG,H:\MS\sem3\age-estimation-git\data\cleaned_faces\fgnet\FGNET\images\074A02.JPG,0,14,7,False,False
074A03.JPG,H:\MS\sem3\age-estimation-git\data\cleaned_faces\fgnet\FGNET\images\074A03.JPG,1,14,7,False,False
074A04.JPG,H:\MS\sem3\age-estimation-git\data\cleaned_faces\fgnet\FGNET\images\074A04.JPG,1,2,1,True,True
074A05.JPG,H:\MS\sem3\age-estimation-git\data\cleaned_faces\fgnet\FGNET\images\074A05.JPG,1,14,7,False,False
074A06.JPG,H:\MS\sem3\age-estimation-git\data\cleaned_faces\fgnet\FGNET\images\074A06.JPG,2,14,7,False,False
074A07.JPG,H:\MS\sem3\age-estimation-git\data\cleaned_faces\fgnet\FGNET\images\074A07.JPG,2,16,8,False,False
074A08.JPG,H:\MS\sem3\age-estimation-git\data\cleaned_faces\fgnet\FGNET\images\074A08.JPG,2,14,7,False,False
074A09.JPG,H:\MS\sem3\age-estimation-git\data\cleaned_faces\fgnet\FGNET\images\074A09.JPG,2,16,8,False,False
074A10.JPG,H:\MS\sem3\age-estimation-git\data\cleaned_faces\fgnet\FGNET\images\074A10.JPG,2,14,7,False,False
074A11.JPG,H:\MS\sem3\age-estimation-git\data\cleaned_faces\fgnet\FGNET\images\074A11.JPG,2,6,3,False,True
074A12.JPG,H:\MS\sem3\age-estimation-git\data\cleaned_faces\fgnet\FGNET\images\074A12.JPG,2,16,8,False,False
074A13.JPG,H:\MS\sem3\age-estimation-git\data\cleaned_faces\fgnet\FGNET\images\074A13.JPG,2,16,8,False,False
074A14.JPG,H:\MS\sem3\age-estimation-git\data\cleaned_faces\fgnet\FGNET\images\074A14.JPG,3,14,7,False,False
074A15.JPG,H:\MS\sem3\age-estimation-git\data\cleaned_faces\fgnet\FGNET\images\074A15.JPG,3,14,7,False,False
075A00.JPG,H:\MS\sem3\age-estimation-git\data\cleaned_faces\fgnet\FGNET\images\075A00.JPG,0,2,1,False,True
075A01.JPG,H:\MS\sem3\age-estimation-git\data\cleaned_faces\fgnet\FGNET\images\075A01.JPG,0,8,4,False,False
075A02.JPG,H:\MS\sem3\age-estimation-git\data\cleaned_faces\fgnet\FGNET\images\075A02.JPG,0,14,7,False,False
075A03.JPG,H:\MS\sem3\age-estimation-git\data\cleaned_faces\fgnet\FGNET\images\075A03.JPG,1,14,7,False,False
075A05.JPG,H:\MS\sem3\age-estimation-git\data\cleaned_faces\fgnet\FGNET\images\075A05.JPG,1,14,7,False,False
075A06.JPG,H:\MS\sem3\age-estimation-git\data\cleaned_faces\fgnet\FGNET\images\075A06.JPG,2,14,7,False,False
075A07.JPG,H:\MS\sem3\age-estimation-git\data\cleaned_faces\fgnet\FGNET\images\075A07.JPG,2,14,7,False,False
075A08.JPG,H:\MS\sem3\age-estimation-git\data\cleaned_faces\fgnet\FGNET\images\075A08.JPG,2,6,3,False,True
075A10.JPG,H:\MS\sem3\age-estimation-git\data\cleaned_faces\fgnet\FGNET\images\075A10.JPG,2,7,3,False,True
075A11.JPG,H:\MS\sem3\age-estimation-git\data\cleaned_faces\fgnet\FGNET\images\075A11.JPG,2,14,7,False,False
076A00.JPG,H:\MS\sem3\age-estimation-git\data\cleaned_faces\fgnet\FGNET\images\076A00.JPG,0,17,8,False,False
076A01.JPG,H:\MS\sem3\age-estimation-git\data\cleaned_faces\fgnet\FGNET\images\076A01.JPG,0,15,7,False,False
076A02.JPG,H:\MS\sem3\age-estimation-git\data\cleaned_faces\fgnet\FGNET\images\076A02.JPG,0,15,7,False,False
076A03.JPG,H:\MS\sem3\age-estimation-git\data\cleaned_faces\fgnet\FGNET\images\076A03.JPG,1,14,7,False,False
076A04.JPG,H:\MS\sem3\age-estimation-git\data\cleaned_faces\fgnet\FGNET\images\076A04.JPG,1,14,7,False,False
076A05.JPG,H:\MS\sem3\age-estimation-git\data\cleaned_faces\fgnet\FGNET\images\076A05.JPG,1,17,8,False,False
076A06.JPG,H:\MS\sem3\age-estimation-git\data\cleaned_faces\fgnet\FGNET\images\076A06.JPG,2,16,8,False,False
076A07.JPG,H:\MS\sem3\age-estimation-git\data\cleaned_faces\fgnet\FGNET\images\076A07.JPG,2,17,8,False,False
076A08.JPG,H:\MS\sem3\age-estimation-git\data\cleaned_faces\fgnet\FGNET\images\076A08.JPG,2,17,8,False,False
076A09.JPG,H:\MS\sem3\age-estimation-git\data\cleaned_faces\fgnet\FGNET\images\076A09.JPG,2,17,8,False,False
076A10.JPG,H:\MS\sem3\age-estimation-git\data\cleaned_faces\fgnet\FGNET\images\076A10.JPG,2,14,7,False,False
076A11.JPG,H:\MS\sem3\age-estimation-git\data\cleaned_faces\fgnet\FGNET\images\076A11.JPG,2,7,3,False,True
076A12.JPG,H:\MS\sem3\age-estimation-git\data\cleaned_faces\fgnet\FGNET\images\076A12.JPG,2,15,7,False,False
076A13.JPG,H:\MS\sem3\age-estimation-git\data\cleaned_faces\fgnet\FGNET\images\076A13.JPG,2,2,1,False,True
076A14.JPG,H:\MS\sem3\age-estimation-git\data\cleaned_faces\fgnet\FGNET\images\076A14.JPG,3,7,3,True,True
076A15.JPG,H:\MS\sem3\age-estimation-git\data\cleaned_faces\fgnet\FGNET\images\076A15.JPG,3,15,7,False,False
076A16.JPG,H:\MS\sem3\age-estimation-git\data\cleaned_faces\fgnet\FGNET\images\076A16.JPG,3,17,8,False,False
076A17.JPG,H:\MS\sem3\age-estimation-git\data\cleaned_faces\fgnet\FGNET\images\076A17.JPG,3,7,3,True,True
077A00.JPG,H:\MS\sem3\age-estimation-git\data\cleaned_faces\fgnet\FGNET\images\077A00.JPG,0,17,8,False,False
077A01.JPG,H:\MS\sem3\age-estimation-git\data\cleaned_faces\fgnet\FGNET\images\077A01.JPG,0,17,8,False,False
077A02.JPG,H:\MS\sem3\age-estimation-git\data\cleaned_faces\fgnet\FGNET\images\077A02.JPG,0,8,4,False,False
077A03.JPG,H:\MS\sem3\age-estimation-git\data\cleaned_faces\fgnet\FGNET\images\077A03.JPG,1,8,4,False,False
077A04.JPG,H:\MS\sem3\age-estimation-git\data\cleaned_faces\fgnet\FGNET\images\077A04.JPG,1,7,3,False,False
077A06.JPG,H:\MS\sem3\age-estimation-git\data\cleaned_faces\fgnet\FGNET\images\077A06.JPG,2,15,7,False,False
077A07.JPG,H:\MS\sem3\age-estimation-git\data\cleaned_faces\fgnet\FGNET\images\077A07.JPG,2,7,3,False,True
077A08.JPG,H:\MS\sem3\age-estimation-git\data\cleaned_faces\fgnet\FGNET\images\077A08.JPG,2,14,7,False,False
077A09.JPG,H:\MS\sem3\age-estimation-git\data\cleaned_faces\fgnet\FGNET\images\077A09.JPG,2,7,3,False,True
077A10.JPG,H:\MS\sem3\age-estimation-git\data\cleaned_faces\fgnet\FGNET\images\077A10.JPG,2,16,8,False,False
077A11.JPG,H:\MS\sem3\age-estimation-git\data\cleaned_faces\fgnet\FGNET\images\077A11.JPG,2,14,7,False,False
077A12.JPG,H:\MS\sem3\age-estimation-git\data\cleaned_faces\fgnet\FGNET\images\077A12.JPG,2,14,7,False,False
077A13.JPG,H:\MS\sem3\age-estimation-git\data\cleaned_faces\fgnet\FGNET\images\077A13.JPG,2,14,7,False,False
077A14.JPG,H:\MS\sem3\age-estimation-git\data\cleaned_faces\fgnet\FGNET\images\077A14.JPG,3,14,7,False,False
077A15.JPG,H:\MS\sem3\age-estimation-git\data\cleaned_faces\fgnet\FGNET\images\077A15.JPG,3,16,8,False,False
077A16.JPG,H:\MS\sem3\age-estimation-git\data\cleaned_faces\fgnet\FGNET\images\077A16.JPG,3,8,4,False,True
078A00.JPG,H:\MS\sem3\age-estimation-git\data\cleaned_faces\fgnet\FGNET\images\078A00.JPG,0,2,1,False,True
078A01.JPG,H:\MS\sem3\age-estimation-git\data\cleaned_faces\fgnet\FGNET\images\078A01.JPG,0,17,8,False,False
078A02.JPG,H:\MS\sem3\age-estimation-git\data\cleaned_faces\fgnet\FGNET\images\078A02.JPG,0,7,3,False,False
078A03.JPG,H:\MS\sem3\age-estimation-git\data\cleaned_faces\fgnet\FGNET\images\078A03.JPG,1,8,4,False,False
078A04.JPG,H:\MS\sem3\age-estimation-git\data\cleaned_faces\fgnet\FGNET\images\078A04.JPG,1,13,6,False,False
078A05.JPG,H:\MS\sem3\age-estimation-git\data\cleaned_faces\fgnet\FGNET\images\078A05.JPG,1,14,7,False,False
078A06.JPG,H:\MS\sem3\age-estimation-git\data\cleaned_faces\fgnet\FGNET\images\078A06.JPG,2,7,3,False,True
078A07.JPG,H:\MS\sem3\age-estimation-git\data\cleaned_faces\fgnet\FGNET\images\078A07.JPG,2,7,3,False,True
078A08.JPG,H:\MS\sem3\age-estimation-git\data\cleaned_faces\fgnet\FGNET\images\078A08.JPG,2,14,7,False,False
078A09.JPG,H:\MS\sem3\age-estimation-git\data\cleaned_faces\fgnet\FGNET\images\078A09.JPG,2,14,7,False,False
078A10.JPG,H:\MS\sem3\age-estimation-git\data\cleaned_faces\fgnet\FGNET\images\078A10.JPG,2,3,1,False,True
078A11.JPG,H:\MS\sem3\age-estimation-git\data\cleaned_faces\fgnet\FGNET\images\078A11.JPG,2,2,1,False,True
078A12.JPG,H:\MS\sem3\age-estimation-git\data\cleaned_faces\fgnet\FGNET\images\078A12.JPG,2,16,8,False,False
078A13.JPG,H:\MS\sem3\age-estimation-git\data\cleaned_faces\fgnet\FGNET\images\078A13.JPG,2,16,8,False,False
078A14.JPG,H:\MS\sem3\age-estimation-git\data\cleaned_faces\fgnet\FGNET\images\078A14.JPG,3,14,7,False,False
078A15.JPG,H:\MS\sem3\age-estimation-git\data\cleaned_faces\fgnet\FGNET\images\078A15.JPG,3,16,8,False,False
079A00.JPG,H:\MS\sem3\age-estimation-git\data\cleaned_faces\fgnet\FGNET\images\079A00.JPG,0,15,7,False,False
079A01.JPG,H:\MS\sem3\age-estimation-git\data\cleaned_faces\fgnet\FGNET\images\079A01.JPG,0,15,7,False,False
079A02.JPG,H:\MS\sem3\age-estimation-git\data\cleaned_faces\fgnet\FGNET\images\079A02.JPG,0,5,2,False,False
079A03.JPG,H:\MS\sem3\age-estimation-git\data\cleaned_faces\fgnet\FGNET\images\079A03.JPG,1,7,3,False,False
079A04.JPG,H:\MS\sem3\age-estimation-git\data\cleaned_faces\fgnet\FGNET\images\079A04.JPG,1,7,3,False,False
079A05.JPG,H:\MS\sem3\age-estimation-git\data\cleaned_faces\fgnet\FGNET\images\079A05.JPG,1,9,4,False,False
079A06.JPG,H:\MS\sem3\age-estimation-git\data\cleaned_faces\fgnet\FGNET\images\079A06.JPG,2,15,7,False,False
079A07.JPG,H:\MS\sem3\age-estimation-git\data\cleaned_faces\fgnet\FGNET\images\079A07.JPG,2,16,8,False,False
079A08.JPG,H:\MS\sem3\age-estimation-git\data\cleaned_faces\fgnet\FGNET\images\079A08.JPG,2,14,7,False,False
079A09.JPG,H:\MS\sem3\age-estimation-git\data\cleaned_faces\fgnet\FGNET\images\079A09.JPG,2,14,7,False,False
079A10.JPG,H:\MS\sem3\age-estimation-git\data\cleaned_faces\fgnet\FGNET\images\079A10.JPG,2,14,7,False,False
079A11.JPG,H:\MS\sem3\age-estimation-git\data\cleaned_faces\fgnet\FGNET\images\079A11.JPG,2,3,1,False,True
079A12.JPG,H:\MS\sem3\age-estimation-git\data\cleaned_faces\fgnet\FGNET\images\079A12.JPG,2,14,7,False,False
079A13.JPG,H:\MS\sem3\age-estimation-git\data\cleaned_faces\fgnet\FGNET\images\079A13.JPG,2,14,7,False,False
080A00.JPG,H:\MS\sem3\age-estimation-git\data\cleaned_faces\fgnet\FGNET\images\080A00.JPG,0,17,8,False,False
080A01.JPG,H:\MS\sem3\age-estimation-git\data\cleaned_faces\fgnet\FGNET\images\080A01.JPG,0,14,7,False,False
080A02.JPG,H:\MS\sem3\age-estimation-git\data\cleaned_faces\fgnet\FGNET\images\080A02.JPG,0,14,7,False,False
080A03.JPG,H:\MS\sem3\age-estimation-git\data\cleaned_faces\fgnet\FGNET\images\080A03.JPG,1,15,7,False,False
080A04.JPG,H:\MS\sem3\age-estimation-git\data\cleaned_faces\fgnet\FGNET\images\080A04.JPG,1,15,7,False,False
080A05.JPG,H:\MS\sem3\age-estimation-git\data\cleaned_faces\fgnet\FGNET\images\080A05.JPG,1,14,7,False,False
080A06.JPG,H:\MS\sem3\age-estimation-git\data\cleaned_faces\fgnet\FGNET\images\080A06.JPG,2,14,7,False,False
080A07.JPG,H:\MS\sem3\age-estimation-git\data\cleaned_faces\fgnet\FGNET\images\080A07.JPG,2,14,7,False,False
080A08.JPG,H:\MS\sem3\age-estimation-git\data\cleaned_faces\fgnet\FGNET\images\080A08.JPG,2,14,7,False,False
080A09.JPG,H:\MS\sem3\age-estimation-git\data\cleaned_faces\fgnet\FGNET\images\080A09.JPG,2,16,8,False,False
080A10.JPG,H:\MS\sem3\age-estimation-git\data\cleaned_faces\fgnet\FGNET\images\080A10.JPG,2,14,7,False,False
080A12.JPG,H:\MS\sem3\age-estimation-git\data\cleaned_faces\fgnet\FGNET\images\080A12.JPG,2,16,8,False,False
080A13.JPG,H:\MS\sem3\age-estimation-git\data\cleaned_faces\fgnet\FGNET\images\080A13.JPG,2,14,7,False,False
080A14.JPG,H:\MS\sem3\age-estimation-git\data\cleaned_faces\fgnet\FGNET\images\080A14.JPG,3,2,1,False,False
081A00.JPG,H:\MS\sem3\age-estimation-git\data\cleaned_faces\fgnet\FGNET\images\081A00.JPG,0,8,4,False,False
081A01.JPG,H:\MS\sem3\age-estimation-git\data\cleaned_faces\fgnet\FGNET\images\081A01.JPG,0,14,7,False,False
081A02.JPG,H:\MS\sem3\age-estimation-git\data\cleaned_faces\fgnet\FGNET\images\081A02.JPG,0,14,7,False,False
081A03.JPG,H:\MS\sem3\age-estimation-git\data\cleaned_faces\fgnet\FGNET\images\081A03.JPG,1,14,7,False,False
081A04.JPG,H:\MS\sem3\age-estimation-git\data\cleaned_faces\fgnet\FGNET\images\081A04.JPG,1,14,7,False,False
081A05.JPG,H:\MS\sem3\age-estimation-git\data\cleaned_faces\fgnet\FGNET\images\081A05.JPG,1,15,7,False,False
081A06.JPG,H:\MS\sem3\age-estimation-git\data\cleaned_faces\fgnet\FGNET\images\081A06.JPG,2,17,8,False,False
081A07.JPG,H:\MS\sem3\age-estimation-git\data\cleaned_faces\fgnet\FGNET\images\081A07.JPG,2,2,1,False,True
081A08.JPG,H:\MS\sem3\age-estimation-git\data\cleaned_faces\fgnet\FGNET\images\081A08.JPG,2,14,7,False,False
081A10.JPG,H:\MS\sem3\age-estimation-git\data\cleaned_faces\fgnet\FGNET\images\081A10.JPG,2,14,7,False,False
081A11.JPG,H:\MS\sem3\age-estimation-git\data\cleaned_faces\fgnet\FGNET\images\081A11.JPG,2,16,8,False,False
081A12.JPG,H:\MS\sem3\age-estimation-git\data\cleaned_faces\fgnet\FGNET\images\081A12.JPG,2,14,7,False,False
082A00.JPG,H:\MS\sem3\age-estimation-git\data\cleaned_faces\fgnet\FGNET\images\082A00.JPG,0,3,1,False,True
082A03.JPG,H:\MS\sem3\age-estimation-git\data\cleaned_faces\fgnet\FGNET\images\082A03.JPG,1,14,7,False,False
082A16.JPG,H:\MS\sem3\age-estimation-git\data\cleaned_faces\fgnet\FGNET\images\082A16.JPG,3,2,1,False,False
082A18.JPG,H:\MS\sem3\age-estimation-git\data\cleaned_faces\fgnet\FGNET\images\082A18.JPG,3,7,3,True,True
082A20.JPG,H:\MS\sem3\age-estimation-git\data\cleaned_faces\fgnet\FGNET\images\082A20.JPG,4,6,3,False,True
082A21.JPG,H:\MS\sem3\age-estimation-git\data\cleaned_faces\fgnet\FGNET\images\082A21.JPG,4,14,7,False,False
082A22.JPG,H:\MS\sem3\age-estimation-git\data\cleaned_faces\fgnet\FGNET\images\082A22.JPG,4,2,1,False,False
082A23.JPG,H:\MS\sem3\age-estimation-git\data\cleaned_faces\fgnet\FGNET\images\082A23.JPG,4,4,2,False,False
082A25.JPG,H:\MS\sem3\age-estimation-git\data\cleaned_faces\fgnet\FGNET\images\082A25.JPG,5,14,7,False,False
082A27.JPG,H:\MS\sem3\age-estimation-git\data\cleaned_faces\fgnet\FGNET\images\082A27.JPG,5,16,8,False,False
082A31.JPG,H:\MS\sem3\age-estimation-git\data\cleaned_faces\fgnet\FGNET\images\082A31.JPG,5,3,1,False,False
